,CustomerID,OfferID
0,304,20186
1,304,20186
2,304,21960
3,304,21960
4,134,16797
5,294,21624
6,306,22292
7,306,22292
8,306,20306
9,306,21738
10,306,22292
11,306,21738
12,306,20186
13,306,22292
14,306,22292
15,306,22292
16,306,22292
17,306,20306
18,22,21622
19,22,21622
20,22,21622
21,22,20309
22,22,20309
23,22,20309
24,22,21107
25,22,21107
26,22,20309
27,22,20309
28,22,20309
29,22,21107
30,22,21108
31,22,21108
32,22,21107
33,22,21108
34,22,21110
35,22,21110
36,22,21108
37,22,21108
38,22,21108
39,22,22291
40,22,22296
41,22,22296
42,22,21738
43,22,22296
44,22,21738
45,22,22291
46,22,22291
47,22,22291
48,22,22291
49,22,21622
50,22,21114
51,22,21114
52,22,21114
53,22,21622
54,22,22294
55,22,22294
56,22,21630
57,22,21630
58,22,21630
59,22,22293
60,22,22293
61,22,22293
62,22,21631
63,22,21631
64,22,21631
65,71,12902
66,71,12902
67,71,22125
68,71,22125
69,71,22165
70,71,22165
71,22,21108
72,22,21108
73,22,21630
74,22,21630
75,22,21630
76,22,21110
77,22,21630
78,22,21630
79,22,21110
80,245,15033
81,3,19222
82,3,19222
83,304,22576
84,304,20291
85,304,22572
86,304,22576
87,304,19029
88,304,19029
89,304,19996
90,304,22572
91,304,14134
92,304,14134
93,304,19996
94,304,19744
95,304,22338
96,304,22338
97,304,19839
98,304,19839
99,304,21106
100,304,20388
101,304,20726
102,304,20388
103,304,19744
104,306,21236
105,306,21236
106,306,21755
107,306,20774
108,306,21755
109,306,20774
110,306,20774
111,14,22357
112,14,22357
113,14,16149
114,14,16149
115,14,16149
116,14,22356
117,14,22356
118,19,13859
119,19,13859
120,22,22294
121,22,22294
122,22,22294
123,22,21113
124,22,21113
125,22,21113
126,245,15033
127,22,21631
128,22,21631
129,22,21631
130,22,21633
131,22,21633
132,245,22173
133,245,22173
134,245,22173
135,22,21630
136,22,21630
137,22,21630
138,22,21629
139,22,21631
140,22,21631
141,22,21630
142,22,21629
143,22,21629
144,11,20186
145,22,20602
146,22,20602
147,22,20602
148,11,20186
149,22,21631
150,22,21631
151,22,21631
152,22,21631
153,22,21630
154,22,21630
155,22,21631
156,71,22658
157,71,22658
158,295,20744
159,22,22291
160,22,22291
161,22,21114
162,22,22297
163,22,22297
164,22,21114
165,245,20004
166,245,20004
167,245,20004
168,22,21113
169,3,16080
170,3,18066
171,3,18066
172,245,22125
173,245,22125
174,245,22125
175,245,17745
176,245,17745
177,245,17745
178,3,15831
179,3,15831
180,3,16066
181,3,16080
182,3,15831
183,3,16567
184,3,16567
185,3,15831
186,3,16066
187,22,21113
188,22,21113
189,22,21630
190,22,21630
191,22,21630
192,22,21108
193,22,21108
194,22,21108
195,22,21111
196,22,21111
197,22,21111
198,14,15636
199,14,20228
200,14,22061
201,14,16909
202,14,16250
203,14,16250
204,14,16250
205,14,16909
206,14,22061
207,14,22927
208,14,22927
209,11,19522
210,11,19522
211,11,19522
212,11,20197
213,11,20197
214,11,20197
215,11,22373
216,11,22373
217,22,21113
218,22,21109
219,22,21113
220,22,21113
221,22,21109
222,22,21109
223,22,21631
224,22,21631
225,22,21111
226,22,21111
227,22,21111
228,22,22297
229,22,22297
230,22,20309
231,22,20309
232,22,20309
233,22,20309
234,22,20309
235,22,20309
236,22,20309
237,22,20309
238,22,20309
239,22,21617
240,22,21617
241,22,21617
242,22,22297
243,22,20309
244,22,20309
245,22,20309
246,22,22297
247,22,20309
248,22,20309
249,22,20309
250,22,22290
251,22,21111
252,22,21111
253,22,21111
254,22,20309
255,22,22290
256,22,22290
257,22,20309
258,22,20309
259,22,20309
260,22,20309
261,47,22128
262,47,22128
263,22,20309
264,22,20309
265,22,19941
266,254,21105
267,254,21105
268,3,19496
269,3,19496
270,22,20594
271,22,20594
272,22,19941
273,22,19941
274,22,20596
275,22,20596
276,22,20596
277,22,20596
278,22,20596
279,3,22574
280,3,22572
281,3,22574
282,3,22574
283,3,22572
284,11,22573
285,11,22573
286,11,22573
287,11,22573
288,11,22576
289,11,22576
290,11,19306
291,11,19306
292,11,19306
293,11,19306
294,11,22572
295,11,22574
296,11,22576
297,11,22572
298,11,22576
299,11,22574
300,19,14045
301,19,14045
302,19,14045
303,19,22907
304,19,22929
305,19,22929
306,19,22996
307,19,22996
308,19,23064
309,19,23064
310,19,22907
311,22,21114
312,22,21630
313,22,21114
314,22,21630
315,22,21630
316,71,22658
317,71,11822
318,71,11822
319,71,11822
320,71,11822
321,71,11822
322,71,11822
323,71,11822
324,71,11822
325,71,21125
326,71,19019
327,71,21125
328,22,21108
329,22,21108
330,22,21108
331,136,20480
332,136,20480
333,136,20480
334,71,13393
335,71,13393
336,71,19019
337,71,19019
338,71,19019
339,71,19019
340,22,20309
341,22,20309
342,22,20309
343,22,20309
344,22,21111
345,22,20309
346,22,21111
347,22,21111
348,22,21630
349,136,22539
350,136,22539
351,22,20309
352,22,21630
353,22,21630
354,22,20309
355,22,20309
356,22,20309
357,22,20309
358,22,21631
359,22,21630
360,22,21631
361,22,21630
362,3,22574
363,3,22576
364,3,22574
365,3,22576
366,3,16008
367,3,16008
368,278,21625
369,278,21625
370,278,21625
371,278,21625
372,278,21625
373,310,14409
374,71,23885
375,71,23885
376,71,22128
377,71,22125
378,71,22125
379,71,22874
380,71,22128
381,71,22874
382,22,20309
383,22,20309
384,22,20309
385,22,21631
386,22,21631
387,22,21631
388,22,21109
389,22,21107
390,22,21632
391,22,21632
392,22,21632
393,22,21632
394,22,21109
395,22,21107
396,22,21109
397,71,23900
398,22,21110
399,3,23917
400,71,23352
401,71,18145
402,3,23917
403,71,23352
404,3,23838
405,3,23838
406,71,18145
407,71,23352
408,71,23312
409,71,23352
410,71,23900
411,71,23312
412,71,23312
413,22,21110
414,22,21110
415,3,23851
416,3,23925
417,3,23925
418,3,23851
419,11,19413
420,11,19413
421,71,23312
422,71,23917
423,71,23866
424,71,23866
425,71,23938
426,71,23914
427,71,23917
428,71,23937
429,71,23938
430,71,23914
431,71,23937
432,3,23830
433,3,23840
434,3,23830
435,3,23840
436,3,23840
437,3,23878
438,3,23840
439,3,23910
440,3,23910
441,3,23913
442,3,23913
443,3,23878
444,311,14410
445,19,23581
446,311,22877
447,311,22876
448,311,22876
449,311,14410
450,19,23581
451,311,14410
452,311,22877
453,19,23910
454,19,23910
455,19,23101
456,19,23840
457,19,23840
458,19,23900
459,19,23104
460,19,23900
461,19,23884
462,22,21110
463,22,21110
464,22,21110
465,22,20309
466,22,21631
467,22,20309
468,22,21631
469,22,21631
470,11,23300
471,11,23300
472,71,23444
473,71,23304
474,71,23444
475,3,23101
476,3,23101
477,3,23916
478,3,23916
479,3,23840
480,3,23913
481,3,23905
482,3,23905
483,3,23913
484,3,23269
485,3,23905
486,3,23905
487,3,23840
488,3,23900
489,3,23269
490,3,23905
491,3,23905
492,3,23900
493,3,23900
494,3,23900
495,3,23909
496,3,23909
497,3,23101
498,3,23104
499,3,23273
500,3,23104
501,3,23101
502,3,23272
503,3,23270
504,3,23277
505,3,23274
506,3,23277
507,3,23274
508,3,23270
509,3,23272
510,3,23273
511,3,23909
512,3,23098
513,3,23098
514,3,23909
515,3,23916
516,3,23916
517,3,24189
518,3,24187
519,3,24187
520,3,23878
521,3,24189
522,3,23878
523,3,24177
524,3,24187
525,3,24187
526,3,24177
527,3,23278
528,3,24172
529,3,23278
530,3,24187
531,3,24172
532,3,24187
533,3,23925
534,3,16079
535,3,23925
536,3,23925
537,3,23841
538,3,23841
539,3,23925
540,3,23930
541,3,16079
542,3,23838
543,3,23838
544,3,18062
545,3,23830
546,3,23930
547,3,24188
548,3,23937
549,3,18062
550,3,23913
551,3,23913
552,3,23830
553,3,23937
554,3,23938
555,3,23938
556,3,23892
557,3,23892
558,3,23866
559,3,23866
560,3,24188
561,3,24189
562,3,24189
563,3,23878
564,3,23878
565,3,23878
566,3,23878
567,71,23317
568,71,23317
569,71,23317
570,71,23304
571,71,23304
572,151,21036
573,151,23100
574,151,23101
575,151,23101
576,151,23100
577,151,23861
578,151,23861
579,151,23861
580,151,23861
581,151,23861
582,151,23861
583,151,23861
584,163,18016
585,289,12324
586,289,12324
587,289,15599
588,289,15599
589,289,15599
590,289,15599
591,22,21114
592,22,21114
593,289,23931
594,289,23866
595,289,23866
596,289,23931
597,289,15836
598,289,15836
599,289,15836
600,289,15836
601,289,16008
602,289,23930
603,289,23931
604,289,23931
605,289,16008
606,289,16008
607,289,23917
608,289,16008
609,289,23930
610,22,23584
611,19,23905
612,19,23415
613,19,23415
614,22,21631
615,22,21631
616,22,23584
617,22,21632
618,22,22293
619,22,22293
620,22,22293
621,22,21632
622,22,22293
623,22,22293
624,22,22293
625,22,21113
626,22,21113
627,22,20309
628,22,20309
629,22,23934
630,22,22291
631,22,22291
632,22,21631
633,22,21631
634,22,21631
635,22,20309
636,22,20309
637,22,23934
638,22,20309
639,22,20309
640,22,20309
641,71,24242
642,71,24242
643,71,24242
644,71,16115
645,71,24130
646,71,24130
647,71,16115
648,3,23833
649,3,20463
650,3,20463
651,3,23833
652,22,19779
653,22,21034
654,22,19779
655,22,19779
656,22,21034
657,22,19780
658,22,21034
659,22,19780
660,22,21034
661,22,18151
662,22,18151
663,22,18151
664,22,18151
665,22,18151
666,22,18151
667,22,18151
668,311,20617
669,311,20617
670,311,20612
671,311,20612
672,311,20610
673,311,20610
674,311,20610
675,311,20610
676,312,23101
677,312,23834
678,312,23101
679,312,23834
680,22,18151
681,22,18151
682,22,18151
683,311,20610
684,311,20610
685,311,20610
686,311,20610
687,311,20610
688,22,18151
689,22,18151
690,22,18151
691,22,18151
692,22,18151
693,22,18151
694,22,18152
695,22,18152
696,22,16066
697,22,16066
698,22,18151
699,22,19853
700,22,19853
701,22,19853
702,22,18151
703,22,18151
704,22,19778
705,22,19778
706,22,19778
707,22,19778
708,13,20097
709,3,20130
710,3,20130
711,3,20130
712,56,20003
713,56,14414
714,56,14414
715,312,19371
716,312,19371
717,3,20130
718,3,20130
719,71,18481
720,3,24173
721,3,24173
722,22,20309
723,22,20309
724,22,20309
725,22,20309
726,22,19778
727,22,20309
728,11,23861
729,11,23861
730,22,20309
731,22,20309
732,22,20309
733,22,20309
734,22,20309
735,22,20309
736,22,20309
737,22,20309
738,22,20309
739,22,20309
740,22,20309
741,22,20309
742,22,20309
743,22,20309
744,22,23584
745,22,22291
746,22,22291
747,22,20309
748,22,20309
749,22,19698
750,22,19698
751,22,19698
752,11,23861
753,11,23304
754,11,11822
755,11,23304
756,3,24245
757,3,23104
758,3,23104
759,3,24245
760,22,20730
761,22,20730
762,11,11822
763,11,11822
764,11,12739
765,11,12739
766,11,12739
767,22,20309
768,22,20309
769,22,20309
770,22,22293
771,22,21111
772,22,22293
773,22,21111
774,22,20309
775,22,20309
776,22,20730
777,22,20730
778,22,20730
779,22,20309
780,22,20309
781,22,20309
782,22,20309
783,22,20309
784,22,20309
785,22,22291
786,22,23581
787,22,23581
788,22,22291
789,22,21109
790,22,21109
791,22,20309
792,22,20309
793,71,24301
794,71,24301
795,71,24301
796,71,20189
797,71,20189
798,71,24301
799,71,18481
800,71,22658
801,11,20311
802,11,20311
803,11,18014
804,11,18014
805,11,18014
806,11,18014
807,11,18014
808,11,18014
809,11,18014
810,11,18014
811,11,18014
812,11,18014
813,22,21107
814,22,22293
815,22,22293
816,22,21107
817,22,20309
818,22,20309
819,22,20309
820,22,20309
821,22,21632
822,22,20309
823,22,20309
824,22,21632
825,22,21632
826,22,21630
827,22,21630
828,11,16146
829,11,16146
830,11,16146
831,22,22294
832,22,22298
833,22,21622
834,22,20730
835,22,21622
836,22,20730
837,22,21631
838,22,21631
839,22,22294
840,22,22291
841,71,23819
842,71,23819
843,71,22658
844,71,22658
845,71,22658
846,71,22658
847,71,22658
848,71,22658
849,22,22291
850,22,20309
851,22,20309
852,22,21113
853,22,21113
854,22,21113
855,22,20309
856,22,20309
857,22,22291
858,22,20309
859,22,16669
860,22,22291
861,22,21111
862,22,23850
863,22,21109
864,22,20309
865,22,23850
866,22,21109
867,22,21111
868,22,12902
869,22,12902
870,22,16669
871,22,19436
872,22,19436
873,22,22432
874,22,22432
875,22,22905
876,22,22905
877,22,24282
878,22,24282
879,22,12902
880,22,12902
881,22,20309
882,22,21630
883,22,21630
884,22,20309
885,22,21631
886,22,21631
887,11,12020
888,11,12020
889,11,12020
890,11,12020
891,11,12020
892,11,12020
893,11,12020
894,22,20309
895,22,21113
896,22,20309
897,22,20309
898,22,21113
899,22,21113
900,22,21113
901,22,21113
902,22,20309
903,22,20309
904,11,21763
905,11,21763
906,11,21763
907,11,21763
908,11,21763
909,71,15679
910,71,22173
911,71,15679
912,71,20248
913,71,15679
914,71,20248
915,71,22173
916,71,20248
917,71,15679
918,71,23930
919,71,23930
920,313,24299
921,313,15635
922,313,12122
923,313,15635
924,313,12122
925,313,15635
926,313,24299
927,313,12122
928,313,12201
929,313,16146
930,313,20186
931,313,12122
932,313,22876
933,313,16146
934,313,22876
935,313,22126
936,313,22126
937,313,24303
938,313,24303
939,313,24117
940,313,24117
941,313,24303
942,313,22125
943,313,22879
944,313,22125
945,313,22125
946,313,22161
947,313,22875
948,313,22875
949,313,22880
950,313,22880
951,313,24335
952,313,24335
953,313,22161
954,313,22125
955,313,24302
956,313,14413
957,313,19019
958,313,19019
959,313,24302
960,313,22879
961,313,14408
962,313,14408
963,313,14413
964,313,15852
965,313,24303
966,313,24303
967,313,22882
968,313,24303
969,313,16146
970,313,16146
971,313,24303
972,313,24303
973,313,22882
974,313,24303
975,313,24303
976,313,24303
977,313,24303
978,313,15851
979,313,24303
980,313,24303
981,313,24303
982,313,20229
983,313,20229
984,313,24586
985,313,24586
986,313,20135
987,313,20135
988,313,22885
989,313,22885
990,313,24301
991,313,20189
992,313,20189
993,313,24301
994,313,24301
995,313,24301
996,313,24301
997,313,24611
998,313,19727
999,313,19727
1000,313,19475
1001,313,19475
1002,313,12156
1003,313,12156
1004,313,12124
1005,313,12124
1006,313,20003
1007,313,20003
1008,313,20480
1009,313,20480
1010,313,24611
1011,313,24303
1012,313,24303
1013,313,24302
1014,313,24302
1015,313,24303
1016,313,24303
1017,313,24303
1018,313,24303
1019,313,24303
1020,313,24303
1021,313,22882
1022,313,14413
1023,313,22881
1024,313,24303
1025,313,24305
1026,313,22879
1027,313,22882
1028,313,22878
1029,313,19019
1030,313,19019
1031,313,22883
1032,313,22879
1033,313,22883
1034,313,22881
1035,313,22876
1036,313,14413
1037,313,24305
1038,313,24335
1039,313,22878
1040,313,14409
1041,313,24302
1042,313,24335
1043,313,24303
1044,313,24302
1045,313,22876
1046,313,24118
1047,313,24118
1048,313,24118
1049,313,24115
1050,313,24115
1051,313,24305
1052,313,24305
1053,313,14409
1054,313,24118
1055,313,24118
1056,313,24118
1057,313,24115
1058,313,24115
1059,313,24115
1060,313,24116
1061,313,24115
1062,313,24116
1063,313,24116
1064,313,24302
1065,313,24117
1066,313,24117
1067,313,24302
1068,313,24117
1069,56,24303
1070,56,24303
1071,56,24303
1072,56,24303
1073,56,22165
1074,56,22165
1075,56,24303
1076,56,24303
1077,56,24303
1078,56,24303
1079,313,24117
1080,313,24117
1081,313,24306
1082,313,24306
1083,313,24306
1084,313,22161
1085,313,24302
1086,313,24302
1087,313,24116
1088,313,24116
1089,313,24306
1090,313,24306
1091,313,22161
1092,313,24306
1093,313,24302
1094,313,22876
1095,313,22876
1096,313,19019
1097,313,19019
1098,313,15852
1099,313,15852
1100,313,15852
1101,313,15852
1102,313,24302
1103,313,24115
1104,313,24118
1105,313,24118
1106,313,24118
1107,313,24115
1108,313,24306
1109,313,24306
1110,313,24303
1111,313,24305
1112,313,24303
1113,313,24117
1114,313,24117
1115,313,24117
1116,313,24118
1117,313,24118
1118,313,24335
1119,313,24335
1120,191,21110
1121,191,21110
1122,22,24500
1123,22,24500
1124,22,24500
1125,71,23930
1126,22,24500
1127,22,24500
1128,22,24500
1129,22,24500
1130,22,24500
1131,22,24500
1132,22,24500
1133,22,24500
1134,22,24500
1135,19,24558
1136,19,24558
1137,19,24558
1138,19,24558
1139,22,24500
1140,22,24500
1141,22,24500
1142,22,24503
1143,22,24500
1144,22,24503
1145,22,24503
1146,22,24500
1147,71,23930
1148,71,23930
1149,22,24500
1150,22,24500
1151,22,24500
1152,22,24500
1153,22,24500
1154,11,23931
1155,11,23931
1156,71,23931
1157,71,23931
1158,71,23931
1159,22,24500
1160,22,24500
1161,22,24500
1162,22,24500
1163,22,24500
1164,22,24500
1165,22,24500
1166,11,23931
1167,11,15636
1168,11,15636
1169,11,15636
1170,11,23931
1171,11,23931
1172,11,23931
1173,11,23931
1174,11,23931
1175,11,15562
1176,11,23931
1177,11,23931
1178,11,14341
1179,11,14341
1180,316,22123
1181,316,23098
1182,316,23098
1183,3,23890
1184,3,23890
1185,316,22123
1186,316,24335
1187,316,24335
1188,316,15852
1189,316,24335
1190,316,24335
1191,316,24335
1192,316,15852
1193,316,15852
1194,19,23172
1195,19,23172
1196,19,22426
1197,56,11825
1198,56,11825
1199,56,16146
1200,56,16146
1201,22,20309
1202,22,20309
1203,22,20309
1204,22,21110
1205,22,20309
1206,22,21110
1207,22,20309
1208,22,21631
1209,3,24242
1210,3,24242
1211,3,24242
1212,22,21631
1213,22,21631
1214,22,20309
1215,22,20309
1216,22,20309
1217,22,20309
1218,22,20309
1219,71,20134
1220,71,20134
1221,71,20134
1222,71,15284
1223,71,15284
1224,71,15284
1225,22,20309
1226,22,20309
1227,22,20309
1228,3,15637
1229,3,15637
1230,3,15637
1231,22,20309
1232,22,20309
1233,22,24484
1234,22,24484
1235,22,24484
1236,22,24484
1237,22,24504
1238,22,24504
1239,11,23916
1240,11,23916
1241,316,24335
1242,316,24335
1243,316,24335
1244,316,24335
1245,316,24335
1246,22,21633
1247,22,22682
1248,22,22682
1249,22,21633
1250,11,24715
1251,11,24715
1252,317,22123
1253,317,24245
1254,317,22123
1255,236,20311
1256,236,20311
1257,236,20311
1258,236,20311
1259,236,20311
1260,236,20311
1261,22,18151
1262,22,18151
1263,22,18152
1264,22,18151
1265,22,18152
1266,22,18151
1267,22,22293
1268,22,22293
1269,22,21631
1270,22,21631
1271,22,21631
1272,22,21631
1273,22,21630
1274,22,21631
1275,22,21630
1276,11,16146
1277,22,20309
1278,11,16146
1279,11,19306
1280,11,16268
1281,11,19306
1282,11,16268
1283,22,20309
1284,22,20309
1285,22,20309
1286,22,20309
1287,22,20309
1288,22,20309
1289,11,16268
1290,11,16268
1291,11,24301
1292,11,24301
1293,11,19145
1294,11,24301
1295,11,19145
1296,22,20309
1297,22,20309
1298,317,24245
1299,22,20309
1300,22,20309
1301,11,23859
1302,11,23859
1303,22,22664
1304,22,22664
1305,3,24190
1306,22,20309
1307,75,12154
1308,75,12154
1309,22,20309
1310,22,20309
1311,22,20309
1312,22,20309
1313,22,20309
1314,22,20309
1315,22,20309
1316,22,21630
1317,22,21630
1318,22,21630
1319,22,20309
1320,22,20309
1321,22,20309
1322,22,20309
1323,22,21111
1324,22,21111
1325,75,12154
1326,75,12154
1327,75,15636
1328,75,15636
1329,75,24659
1330,11,23125
1331,11,23125
1332,11,23125
1333,11,23125
1334,11,23125
1335,11,23125
1336,75,24659
1337,75,24659
1338,75,24659
1339,75,16268
1340,75,16268
1341,75,16268
1342,19,22426
1343,19,22425
1344,19,22425
1345,19,22425
1346,19,22425
1347,75,16268
1348,75,16268
1349,75,16268
1350,75,23125
1351,75,24804
1352,75,24804
1353,75,15636
1354,75,15636
1355,75,16268
1356,75,23125
1357,75,23125
1358,75,16268
1359,75,15636
1360,3,24190
1361,75,23125
1362,75,23125
1363,75,12154
1364,75,12154
1365,3,23899
1366,3,23899
1367,3,24850
1368,3,23899
1369,3,24850
1370,3,24181
1371,3,24181
1372,75,16268
1373,75,16268
1374,75,24804
1375,75,24804
1376,71,20134
1377,71,20133
1378,71,20134
1379,71,20134
1380,71,20134
1381,71,20134
1382,71,20133
1383,71,20131
1384,71,20864
1385,71,20131
1386,71,20864
1387,71,20134
1388,71,20131
1389,71,20131
1390,318,24335
1391,318,22878
1392,318,24335
1393,318,24335
1394,318,20002
1395,318,20002
1396,318,24335
1397,318,24335
1398,318,16146
1399,318,20136
1400,318,16146
1401,245,24239
1402,245,24239
1403,245,24233
1404,245,24233
1405,19,24453
1406,19,24453
1407,19,24453
1408,71,24505
1409,71,24505
1410,71,23098
1411,71,24505
1412,71,23098
1413,71,23098
1414,71,23098
1415,71,24088
1416,71,24505
1417,71,24505
1418,71,24505
1419,71,24189
1420,71,24088
1421,71,24088
1422,71,24216
1423,71,24088
1424,71,24093
1425,71,24093
1426,71,24189
1427,22,21631
1428,22,21631
1429,22,21631
1430,22,21631
1431,22,21631
1432,22,21111
1433,22,21111
1434,22,21111
1435,22,23584
1436,22,23584
1437,22,23584
1438,22,21110
1439,22,21110
1440,22,20309
1441,22,20309
1442,22,20309
1443,22,22679
1444,22,22679
1445,22,21109
1446,22,21631
1447,22,21631
1448,22,21109
1449,22,21109
1450,22,21630
1451,22,21630
1452,22,21630
1453,22,23584
1454,19,24453
1455,19,24453
1456,22,21631
1457,22,21631
1458,22,23584
1459,22,21631
1460,19,21582
1461,3,15831
1462,3,15831
1463,3,15831
1464,22,22293
1465,22,22293
1466,22,22293
1467,22,21631
1468,22,21631
1469,22,21631
1470,22,21631
1471,22,21631
1472,22,21630
1473,22,21630
1474,22,21630
1475,22,22668
1476,22,22668
1477,22,22684
1478,22,22684
1479,318,16146
1480,318,16146
1481,318,20136
1482,318,20002
1483,318,20002
1484,318,24335
1485,318,24335
1486,318,24335
1487,318,24335
1488,318,22878
1489,304,23098
1490,304,23098
1491,304,23098
1492,319,16078
1493,319,16078
1494,317,14523
1495,317,19145
1496,317,14523
1497,71,24216
1498,71,22161
1499,71,24586
1500,71,22128
1501,71,22128
1502,71,22164
1503,71,22164
1504,71,22161
1505,71,24923
1506,71,24923
1507,71,24921
1508,71,24921
1509,71,24586
1510,159,22131
1511,159,22165
1512,159,22165
1513,159,22131
1514,159,22165
1515,159,22165
1516,159,22875
1517,159,22875
1518,71,22128
1519,71,22128
1520,71,24594
1521,71,24594
1522,71,24594
1523,71,24594
1524,71,23672
1525,71,23672
1526,71,23639
1527,71,23639
1528,71,23674
1529,71,23674
1530,71,23728
1531,71,23728
1532,71,23809
1533,3,18014
1534,3,18014
1535,3,18014
1536,71,23809
1537,3,24716
1538,71,23809
1539,71,24716
1540,71,24716
1541,71,24716
1542,71,24716
1543,71,24716
1544,71,24716
1545,71,24231
1546,71,24231
1547,71,24231
1548,313,22125
1549,313,22875
1550,313,22125
1551,313,22875
1552,313,22877
1553,313,22162
1554,313,22161
1555,313,22161
1556,313,22877
1557,313,22162
1558,313,20905
1559,313,20597
1560,313,21126
1561,313,21126
1562,313,20905
1563,313,22163
1564,313,22123
1565,313,22690
1566,313,22123
1567,313,22690
1568,313,22163
1569,313,22162
1570,313,22876
1571,313,22161
1572,313,22161
1573,313,22162
1574,313,22875
1575,313,22875
1576,313,13393
1577,313,22876
1578,313,20059
1579,313,22165
1580,313,15852
1581,313,22126
1582,313,15852
1583,313,22126
1584,313,22165
1585,313,13393
1586,313,24198
1587,313,24198
1588,313,20597
1589,313,22770
1590,313,22770
1591,313,20480
1592,313,20480
1593,313,22769
1594,313,22769
1595,313,20188
1596,313,24551
1597,313,24551
1598,313,24640
1599,313,24640
1600,313,20487
1601,313,20487
1602,313,15224
1603,313,15225
1604,313,20188
1605,313,20188
1606,313,16146
1607,313,20002
1608,313,20002
1609,313,16146
1610,313,16269
1611,313,16146
1612,313,15224
1613,313,16146
1614,313,20673
1615,313,20673
1616,313,12599
1617,313,12598
1618,313,12598
1619,313,12608
1620,313,12608
1621,313,15635
1622,313,15635
1623,313,22164
1624,313,22173
1625,313,22173
1626,313,16269
1627,313,23139
1628,313,23139
1629,3,24716
1630,3,23847
1631,13,22690
1632,13,22877
1633,13,24923
1634,13,22126
1635,13,22877
1636,13,22126
1637,13,24923
1638,22,20309
1639,22,20309
1640,22,20309
1641,22,20309
1642,22,20309
1643,22,20309
1644,22,20309
1645,321,23270
1646,22,21113
1647,22,20309
1648,22,21113
1649,22,21109
1650,22,21109
1651,22,18146
1652,22,18146
1653,22,18146
1654,71,15283
1655,71,15283
1656,71,22723
1657,71,22723
1658,71,22885
1659,71,22125
1660,71,24586
1661,71,24586
1662,71,22878
1663,71,22878
1664,71,22877
1665,71,22885
1666,71,22876
1667,71,22877
1668,71,22876
1669,71,22161
1670,71,22829
1671,71,22829
1672,71,22161
1673,71,22873
1674,71,22873
1675,22,19777
1676,22,19777
1677,22,19777
1678,22,24379
1679,22,24379
1680,22,24379
1681,22,24376
1682,22,24376
1683,22,24379
1684,334,24171
1685,22,24393
1686,22,24393
1687,22,24379
1688,22,24379
1689,340,24715
1690,340,24715
1691,22,24393
1692,22,24489
1693,22,24393
1694,22,24489
1695,22,24393
1696,339,24088
1697,340,24923
1698,339,24231
1699,339,24094
1700,339,24088
1701,339,24094
1702,339,24239
1703,339,24189
1704,339,24231
1705,22,21955
1706,340,22125
1707,340,24923
1708,340,22882
1709,340,22882
1710,340,22882
1711,340,16146
1712,340,16146
1713,340,22125
1714,340,18044
1715,22,21955
1716,22,21955
1717,352,23358
1718,352,23819
1719,352,23819
1720,352,23819
1721,352,23358
1722,362,20186
1723,362,24714
1724,362,20186
1725,362,20662
1726,362,24299
1727,362,24292
1728,362,20371
1729,362,20371
1730,362,24295
1731,362,20371
1732,362,24295
1733,362,24289
1734,362,22389
1735,362,20186
1736,362,24640
1737,362,20186
1738,362,21236
1739,362,24554
1740,304,20186
1741,304,20186
1742,304,21960
1743,304,21960
1744,134,16797
1745,294,21624
1746,306,22292
1747,306,22292
1748,306,20306
1749,306,21738
1750,306,22292
1751,306,21738
1752,306,20186
1753,306,22292
1754,306,22292
1755,306,22292
1756,306,22292
1757,306,20306
1758,22,21622
1759,22,21622
1760,22,21622
1761,22,20309
1762,22,20309
1763,22,20309
1764,22,21107
1765,22,21107
1766,22,20309
1767,22,20309
1768,22,20309
1769,22,21107
1770,22,21108
1771,22,21108
1772,22,21107
1773,22,21108
1774,22,21110
1775,22,21110
1776,22,21108
1777,22,21108
1778,22,21108
1779,22,22291
1780,22,22296
1781,22,22296
1782,22,21738
1783,22,22296
1784,22,21738
1785,22,22291
1786,22,22291
1787,22,22291
1788,22,22291
1789,22,21622
1790,22,21114
1791,22,21114
1792,22,21114
1793,22,21622
1794,22,22294
1795,22,22294
1796,22,21630
1797,22,21630
1798,22,21630
1799,22,22293
1800,22,22293
1801,22,22293
1802,22,21631
1803,22,21631
1804,22,21631
1805,71,12902
1806,71,12902
1807,71,22125
1808,71,22125
1809,71,22165
1810,71,22165
1811,22,21108
1812,22,21108
1813,22,21630
1814,22,21630
1815,22,21630
1816,22,21110
1817,22,21630
1818,22,21630
1819,22,21110
1820,245,15033
1821,3,19222
1822,3,19222
1823,304,22576
1824,304,20291
1825,304,22572
1826,304,22576
1827,304,19029
1828,304,19029
1829,304,19996
1830,304,22572
1831,304,14134
1832,304,14134
1833,304,19996
1834,304,19744
1835,304,22338
1836,304,22338
1837,304,19839
1838,304,19839
1839,304,21106
1840,304,20388
1841,304,20726
1842,304,20388
1843,304,19744
1844,306,21236
1845,306,21236
1846,306,21755
1847,306,20774
1848,306,21755
1849,306,20774
1850,306,20774
1851,14,22357
1852,14,22357
1853,14,16149
1854,14,16149
1855,14,16149
1856,14,22356
1857,14,22356
1858,19,13859
1859,19,13859
1860,22,22294
1861,22,22294
1862,22,22294
1863,22,21113
1864,22,21113
1865,22,21113
1866,245,15033
1867,22,21631
1868,22,21631
1869,22,21631
1870,22,21633
1871,22,21633
1872,245,22173
1873,245,22173
1874,245,22173
1875,22,21630
1876,22,21630
1877,22,21630
1878,22,21629
1879,22,21631
1880,22,21631
1881,22,21630
1882,22,21629
1883,22,21629
1884,11,20186
1885,22,20602
1886,22,20602
1887,22,20602
1888,11,20186
1889,22,21631
1890,22,21631
1891,22,21631
1892,22,21631
1893,22,21630
1894,22,21630
1895,22,21631
1896,71,22658
1897,71,22658
1898,295,20744
1899,22,22291
1900,22,22291
1901,22,21114
1902,22,22297
1903,22,22297
1904,22,21114
1905,245,20004
1906,245,20004
1907,245,20004
1908,22,21113
1909,3,16080
1910,3,18066
1911,3,18066
1912,245,22125
1913,245,22125
1914,245,22125
1915,245,17745
1916,245,17745
1917,245,17745
1918,3,15831
1919,3,15831
1920,3,16066
1921,3,16080
1922,3,15831
1923,3,16567
1924,3,16567
1925,3,15831
1926,3,16066
1927,22,21113
1928,22,21113
1929,22,21630
1930,22,21630
1931,22,21630
1932,22,21108
1933,22,21108
1934,22,21108
1935,22,21111
1936,22,21111
1937,22,21111
1938,14,15636
1939,14,20228
1940,14,22061
1941,14,16909
1942,14,16250
1943,14,16250
1944,14,16250
1945,14,16909
1946,14,22061
1947,14,22927
1948,14,22927
1949,11,19522
1950,11,19522
1951,11,19522
1952,11,20197
1953,11,20197
1954,11,20197
1955,11,22373
1956,11,22373
1957,22,21113
1958,22,21109
1959,22,21113
1960,22,21113
1961,22,21109
1962,22,21109
1963,22,21631
1964,22,21631
1965,22,21111
1966,22,21111
1967,22,21111
1968,22,22297
1969,22,22297
1970,22,20309
1971,22,20309
1972,22,20309
1973,22,20309
1974,22,20309
1975,22,20309
1976,22,20309
1977,22,20309
1978,22,20309
1979,22,21617
1980,22,21617
1981,22,21617
1982,22,22297
1983,22,20309
1984,22,20309
1985,22,20309
1986,22,22297
1987,22,20309
1988,22,20309
1989,22,20309
1990,22,22290
1991,22,21111
1992,22,21111
1993,22,21111
1994,22,20309
1995,22,22290
1996,22,22290
1997,22,20309
1998,22,20309
1999,22,20309
2000,22,20309
2001,47,22128
2002,47,22128
2003,22,20309
2004,22,20309
2005,22,19941
2006,254,21105
2007,254,21105
2008,3,19496
2009,3,19496
2010,22,20594
2011,22,20594
2012,22,19941
2013,22,19941
2014,22,20596
2015,22,20596
2016,22,20596
2017,22,20596
2018,22,20596
2019,3,22574
2020,3,22572
2021,3,22574
2022,3,22574
2023,3,22572
2024,11,22573
2025,11,22573
2026,11,22573
2027,11,22573
2028,11,22576
2029,11,22576
2030,11,19306
2031,11,19306
2032,11,19306
2033,11,19306
2034,11,22572
2035,11,22574
2036,11,22576
2037,11,22572
2038,11,22576
2039,11,22574
2040,19,14045
2041,19,14045
2042,19,14045
2043,19,22907
2044,19,22929
2045,19,22929
2046,19,22996
2047,19,22996
2048,19,23064
2049,19,23064
2050,19,22907
2051,22,21114
2052,22,21630
2053,22,21114
2054,22,21630
2055,22,21630
2056,71,22658
2057,71,11822
2058,71,11822
2059,71,11822
2060,71,11822
2061,71,11822
2062,71,11822
2063,71,11822
2064,71,11822
2065,71,21125
2066,71,19019
2067,71,21125
2068,22,21108
2069,22,21108
2070,22,21108
2071,136,20480
2072,136,20480
2073,136,20480
2074,71,13393
2075,71,13393
2076,71,19019
2077,71,19019
2078,71,19019
2079,71,19019
2080,22,20309
2081,22,20309
2082,22,20309
2083,22,20309
2084,22,21111
2085,22,20309
2086,22,21111
2087,22,21111
2088,22,21630
2089,136,22539
2090,136,22539
2091,22,20309
2092,22,21630
2093,22,21630
2094,22,20309
2095,22,20309
2096,22,20309
2097,22,20309
2098,22,21631
2099,22,21630
2100,22,21631
2101,22,21630
2102,3,22574
2103,3,22576
2104,3,22574
2105,3,22576
2106,3,16008
2107,3,16008
2108,278,21625
2109,278,21625
2110,278,21625
2111,278,21625
2112,278,21625
2113,310,14409
2114,71,23885
2115,71,23885
2116,71,22128
2117,71,22125
2118,71,22125
2119,71,22874
2120,71,22128
2121,71,22874
2122,22,20309
2123,22,20309
2124,22,20309
2125,22,21631
2126,22,21631
2127,22,21631
2128,22,21109
2129,22,21107
2130,22,21632
2131,22,21632
2132,22,21632
2133,22,21632
2134,22,21109
2135,22,21107
2136,22,21109
2137,71,23900
2138,22,21110
2139,3,23917
2140,71,23352
2141,71,18145
2142,3,23917
2143,71,23352
2144,3,23838
2145,3,23838
2146,71,18145
2147,71,23352
2148,71,23312
2149,71,23352
2150,71,23900
2151,71,23312
2152,71,23312
2153,22,21110
2154,22,21110
2155,3,23851
2156,3,23925
2157,3,23925
2158,3,23851
2159,11,19413
2160,11,19413
2161,71,23312
2162,71,23917
2163,71,23866
2164,71,23866
2165,71,23938
2166,71,23914
2167,71,23917
2168,71,23937
2169,71,23938
2170,71,23914
2171,71,23937
2172,3,23830
2173,3,23840
2174,3,23830
2175,3,23840
2176,3,23840
2177,3,23878
2178,3,23840
2179,3,23910
2180,3,23910
2181,3,23913
2182,3,23913
2183,3,23878
2184,311,14410
2185,19,23581
2186,311,22877
2187,311,22876
2188,311,22876
2189,311,14410
2190,19,23581
2191,311,14410
2192,311,22877
2193,19,23910
2194,19,23910
2195,19,23101
2196,19,23840
2197,19,23840
2198,19,23900
2199,19,23104
2200,19,23900
2201,19,23884
2202,22,21110
2203,22,21110
2204,22,21110
2205,22,20309
2206,22,21631
2207,22,20309
2208,22,21631
2209,22,21631
2210,11,23300
2211,11,23300
2212,71,23444
2213,71,23304
2214,71,23444
2215,3,23101
2216,3,23101
2217,3,23916
2218,3,23916
2219,3,23840
2220,3,23913
2221,3,23905
2222,3,23905
2223,3,23913
2224,3,23269
2225,3,23905
2226,3,23905
2227,3,23840
2228,3,23900
2229,3,23269
2230,3,23905
2231,3,23905
2232,3,23900
2233,3,23900
2234,3,23900
2235,3,23909
2236,3,23909
2237,3,23101
2238,3,23104
2239,3,23273
2240,3,23104
2241,3,23101
2242,3,23272
2243,3,23270
2244,3,23277
2245,3,23274
2246,3,23277
2247,3,23274
2248,3,23270
2249,3,23272
2250,3,23273
2251,3,23909
2252,3,23098
2253,3,23098
2254,3,23909
2255,3,23916
2256,3,23916
2257,3,24189
2258,3,24187
2259,3,24187
2260,3,23878
2261,3,24189
2262,3,23878
2263,3,24177
2264,3,24187
2265,3,24187
2266,3,24177
2267,3,23278
2268,3,24172
2269,3,23278
2270,3,24187
2271,3,24172
2272,3,24187
2273,3,23925
2274,3,16079
2275,3,23925
2276,3,23925
2277,3,23841
2278,3,23841
2279,3,23925
2280,3,23930
2281,3,16079
2282,3,23838
2283,3,23838
2284,3,18062
2285,3,23830
2286,3,23930
2287,3,24188
2288,3,23937
2289,3,18062
2290,3,23913
2291,3,23913
2292,3,23830
2293,3,23937
2294,3,23938
2295,3,23938
2296,3,23892
2297,3,23892
2298,3,23866
2299,3,23866
2300,3,24188
2301,3,24189
2302,3,24189
2303,3,23878
2304,3,23878
2305,3,23878
2306,3,23878
2307,71,23317
2308,71,23317
2309,71,23317
2310,71,23304
2311,71,23304
2312,151,21036
2313,151,23100
2314,151,23101
2315,151,23101
2316,151,23100
2317,151,23861
2318,151,23861
2319,151,23861
2320,151,23861
2321,151,23861
2322,151,23861
2323,151,23861
2324,163,18016
2325,289,12324
2326,289,12324
2327,289,15599
2328,289,15599
2329,289,15599
2330,289,15599
2331,22,21114
2332,22,21114
2333,289,23931
2334,289,23866
2335,289,23866
2336,289,23931
2337,289,15836
2338,289,15836
2339,289,15836
2340,289,15836
2341,289,16008
2342,289,23930
2343,289,23931
2344,289,23931
2345,289,16008
2346,289,16008
2347,289,23917
2348,289,16008
2349,289,23930
2350,22,23584
2351,19,23905
2352,19,23415
2353,19,23415
2354,22,21631
2355,22,21631
2356,22,23584
2357,22,21632
2358,22,22293
2359,22,22293
2360,22,22293
2361,22,21632
2362,22,22293
2363,22,22293
2364,22,22293
2365,22,21113
2366,22,21113
2367,22,20309
2368,22,20309
2369,22,23934
2370,22,22291
2371,22,22291
2372,22,21631
2373,22,21631
2374,22,21631
2375,22,20309
2376,22,20309
2377,22,23934
2378,22,20309
2379,22,20309
2380,22,20309
2381,71,24242
2382,71,24242
2383,71,24242
2384,71,16115
2385,71,24130
2386,71,24130
2387,71,16115
2388,3,23833
2389,3,20463
2390,3,20463
2391,3,23833
2392,22,19779
2393,22,21034
2394,22,19779
2395,22,19779
2396,22,21034
2397,22,19780
2398,22,21034
2399,22,19780
2400,22,21034
2401,22,18151
2402,22,18151
2403,22,18151
2404,22,18151
2405,22,18151
2406,22,18151
2407,22,18151
2408,311,20617
2409,311,20617
2410,311,20612
2411,311,20612
2412,311,20610
2413,311,20610
2414,311,20610
2415,311,20610
2416,312,23101
2417,312,23834
2418,312,23101
2419,312,23834
2420,22,18151
2421,22,18151
2422,22,18151
2423,311,20610
2424,311,20610
2425,311,20610
2426,311,20610
2427,311,20610
2428,22,18151
2429,22,18151
2430,22,18151
2431,22,18151
2432,22,18151
2433,22,18151
2434,22,18152
2435,22,18152
2436,22,16066
2437,22,16066
2438,22,18151
2439,22,19853
2440,22,19853
2441,22,19853
2442,22,18151
2443,22,18151
2444,22,19778
2445,22,19778
2446,22,19778
2447,22,19778
2448,13,20097
2449,3,20130
2450,3,20130
2451,3,20130
2452,56,20003
2453,56,14414
2454,56,14414
2455,312,19371
2456,312,19371
2457,3,20130
2458,3,20130
2459,71,18481
2460,3,24173
2461,3,24173
2462,22,20309
2463,22,20309
2464,22,20309
2465,22,20309
2466,22,19778
2467,22,20309
2468,11,23861
2469,11,23861
2470,22,20309
2471,22,20309
2472,22,20309
2473,22,20309
2474,22,20309
2475,22,20309
2476,22,20309
2477,22,20309
2478,22,20309
2479,22,20309
2480,22,20309
2481,22,20309
2482,22,20309
2483,22,20309
2484,22,23584
2485,22,22291
2486,22,22291
2487,22,20309
2488,22,20309
2489,22,19698
2490,22,19698
2491,22,19698
2492,11,23861
2493,11,23304
2494,11,11822
2495,11,23304
2496,3,24245
2497,3,23104
2498,3,23104
2499,3,24245
2500,22,20730
2501,22,20730
2502,11,11822
2503,11,11822
2504,11,12739
2505,11,12739
2506,11,12739
2507,22,20309
2508,22,20309
2509,22,20309
2510,22,22293
2511,22,21111
2512,22,22293
2513,22,21111
2514,22,20309
2515,22,20309
2516,22,20730
2517,22,20730
2518,22,20730
2519,22,20309
2520,22,20309
2521,22,20309
2522,22,20309
2523,22,20309
2524,22,20309
2525,22,22291
2526,22,23581
2527,22,23581
2528,22,22291
2529,22,21109
2530,22,21109
2531,22,20309
2532,22,20309
2533,71,24301
2534,71,24301
2535,71,24301
2536,71,20189
2537,71,20189
2538,71,24301
2539,71,18481
2540,71,22658
2541,11,20311
2542,11,20311
2543,11,18014
2544,11,18014
2545,11,18014
2546,11,18014
2547,11,18014
2548,11,18014
2549,11,18014
2550,11,18014
2551,11,18014
2552,11,18014
2553,22,21107
2554,22,22293
2555,22,22293
2556,22,21107
2557,22,20309
2558,22,20309
2559,22,20309
2560,22,20309
2561,22,21632
2562,22,20309
2563,22,20309
2564,22,21632
2565,22,21632
2566,22,21630
2567,22,21630
2568,11,16146
2569,11,16146
2570,11,16146
2571,22,22294
2572,22,22298
2573,22,21622
2574,22,20730
2575,22,21622
2576,22,20730
2577,22,21631
2578,22,21631
2579,22,22294
2580,22,22291
2581,71,23819
2582,71,23819
2583,71,22658
2584,71,22658
2585,71,22658
2586,71,22658
2587,71,22658
2588,71,22658
2589,22,22291
2590,22,20309
2591,22,20309
2592,22,21113
2593,22,21113
2594,22,21113
2595,22,20309
2596,22,20309
2597,22,22291
2598,22,20309
2599,22,16669
2600,22,22291
2601,22,21111
2602,22,23850
2603,22,21109
2604,22,20309
2605,22,23850
2606,22,21109
2607,22,21111
2608,22,12902
2609,22,12902
2610,22,16669
2611,22,19436
2612,22,19436
2613,22,22432
2614,22,22432
2615,22,22905
2616,22,22905
2617,22,24282
2618,22,24282
2619,22,12902
2620,22,12902
2621,22,20309
2622,22,21630
2623,22,21630
2624,22,20309
2625,22,21631
2626,22,21631
2627,11,12020
2628,11,12020
2629,11,12020
2630,11,12020
2631,11,12020
2632,11,12020
2633,11,12020
2634,22,20309
2635,22,21113
2636,22,20309
2637,22,20309
2638,22,21113
2639,22,21113
2640,22,21113
2641,22,21113
2642,22,20309
2643,22,20309
2644,11,21763
2645,11,21763
2646,11,21763
2647,11,21763
2648,11,21763
2649,71,15679
2650,71,22173
2651,71,15679
2652,71,20248
2653,71,15679
2654,71,20248
2655,71,22173
2656,71,20248
2657,71,15679
2658,71,23930
2659,71,23930
2660,313,24299
2661,313,15635
2662,313,12122
2663,313,15635
2664,313,12122
2665,313,15635
2666,313,24299
2667,313,12122
2668,313,12201
2669,313,16146
2670,313,20186
2671,313,12122
2672,313,22876
2673,313,16146
2674,313,22876
2675,313,22126
2676,313,22126
2677,313,24303
2678,313,24303
2679,313,24117
2680,313,24117
2681,313,24303
2682,313,22125
2683,313,22879
2684,313,22125
2685,313,22125
2686,313,22161
2687,313,22875
2688,313,22875
2689,313,22880
2690,313,22880
2691,313,24335
2692,313,24335
2693,313,22161
2694,313,22125
2695,313,24302
2696,313,14413
2697,313,19019
2698,313,19019
2699,313,24302
2700,313,22879
2701,313,14408
2702,313,14408
2703,313,14413
2704,313,15852
2705,313,24303
2706,313,24303
2707,313,22882
2708,313,24303
2709,313,16146
2710,313,16146
2711,313,24303
2712,313,24303
2713,313,22882
2714,313,24303
2715,313,24303
2716,313,24303
2717,313,24303
2718,313,15851
2719,313,24303
2720,313,24303
2721,313,24303
2722,313,20229
2723,313,20229
2724,313,24586
2725,313,24586
2726,313,20135
2727,313,20135
2728,313,22885
2729,313,22885
2730,313,24301
2731,313,20189
2732,313,20189
2733,313,24301
2734,313,24301
2735,313,24301
2736,313,24301
2737,313,24611
2738,313,19727
2739,313,19727
2740,313,19475
2741,313,19475
2742,313,12156
2743,313,12156
2744,313,12124
2745,313,12124
2746,313,20003
2747,313,20003
2748,313,20480
2749,313,20480
2750,313,24611
2751,313,24303
2752,313,24303
2753,313,24302
2754,313,24302
2755,313,24303
2756,313,24303
2757,313,24303
2758,313,24303
2759,313,24303
2760,313,24303
2761,313,22882
2762,313,14413
2763,313,22881
2764,313,24303
2765,313,24305
2766,313,22879
2767,313,22882
2768,313,22878
2769,313,19019
2770,313,19019
2771,313,22883
2772,313,22879
2773,313,22883
2774,313,22881
2775,313,22876
2776,313,14413
2777,313,24305
2778,313,24335
2779,313,22878
2780,313,14409
2781,313,24302
2782,313,24335
2783,313,24303
2784,313,24302
2785,313,22876
2786,313,24118
2787,313,24118
2788,313,24118
2789,313,24115
2790,313,24115
2791,313,24305
2792,313,24305
2793,313,14409
2794,313,24118
2795,313,24118
2796,313,24118
2797,313,24115
2798,313,24115
2799,313,24115
2800,313,24116
2801,313,24115
2802,313,24116
2803,313,24116
2804,313,24302
2805,313,24117
2806,313,24117
2807,313,24302
2808,313,24117
2809,56,24303
2810,56,24303
2811,56,24303
2812,56,24303
2813,56,22165
2814,56,22165
2815,56,24303
2816,56,24303
2817,56,24303
2818,56,24303
2819,313,24117
2820,313,24117
2821,313,24306
2822,313,24306
2823,313,24306
2824,313,22161
2825,313,24302
2826,313,24302
2827,313,24116
2828,313,24116
2829,313,24306
2830,313,24306
2831,313,22161
2832,313,24306
2833,313,24302
2834,313,22876
2835,313,22876
2836,313,19019
2837,313,19019
2838,313,15852
2839,313,15852
2840,313,15852
2841,313,15852
2842,313,24302
2843,313,24115
2844,313,24118
2845,313,24118
2846,313,24118
2847,313,24115
2848,313,24306
2849,313,24306
2850,313,24303
2851,313,24305
2852,313,24303
2853,313,24117
2854,313,24117
2855,313,24117
2856,313,24118
2857,313,24118
2858,313,24335
2859,313,24335
2860,191,21110
2861,191,21110
2862,22,24500
2863,22,24500
2864,22,24500
2865,71,23930
2866,22,24500
2867,22,24500
2868,22,24500
2869,22,24500
2870,22,24500
2871,22,24500
2872,22,24500
2873,22,24500
2874,22,24500
2875,19,24558
2876,19,24558
2877,19,24558
2878,19,24558
2879,22,24500
2880,22,24500
2881,22,24500
2882,22,24503
2883,22,24500
2884,22,24503
2885,22,24503
2886,22,24500
2887,71,23930
2888,71,23930
2889,22,24500
2890,22,24500
2891,22,24500
2892,22,24500
2893,22,24500
2894,11,23931
2895,11,23931
2896,71,23931
2897,71,23931
2898,71,23931
2899,22,24500
2900,22,24500
2901,22,24500
2902,22,24500
2903,22,24500
2904,22,24500
2905,22,24500
2906,11,23931
2907,11,15636
2908,11,15636
2909,11,15636
2910,11,23931
2911,11,23931
2912,11,23931
2913,11,23931
2914,11,23931
2915,11,15562
2916,11,23931
2917,11,23931
2918,11,14341
2919,11,14341
2920,316,22123
2921,316,23098
2922,316,23098
2923,3,23890
2924,3,23890
2925,316,22123
2926,316,24335
2927,316,24335
2928,316,15852
2929,316,24335
2930,316,24335
2931,316,24335
2932,316,15852
2933,316,15852
2934,19,23172
2935,19,23172
2936,19,22426
2937,56,11825
2938,56,11825
2939,56,16146
2940,56,16146
2941,22,20309
2942,22,20309
2943,22,20309
2944,22,21110
2945,22,20309
2946,22,21110
2947,22,20309
2948,22,21631
2949,3,24242
2950,3,24242
2951,3,24242
2952,22,21631
2953,22,21631
2954,22,20309
2955,22,20309
2956,22,20309
2957,22,20309
2958,22,20309
2959,71,20134
2960,71,20134
2961,71,20134
2962,71,15284
2963,71,15284
2964,71,15284
2965,22,20309
2966,22,20309
2967,22,20309
2968,3,15637
2969,3,15637
2970,3,15637
2971,22,20309
2972,22,20309
2973,22,24484
2974,22,24484
2975,22,24484
2976,22,24484
2977,22,24504
2978,22,24504
2979,11,23916
2980,11,23916
2981,316,24335
2982,316,24335
2983,316,24335
2984,316,24335
2985,316,24335
2986,22,21633
2987,22,22682
2988,22,22682
2989,22,21633
2990,11,24715
2991,11,24715
2992,317,22123
2993,317,24245
2994,317,22123
2995,236,20311
2996,236,20311
2997,236,20311
2998,236,20311
2999,236,20311
3000,236,20311
3001,22,18151
3002,22,18151
3003,22,18152
3004,22,18151
3005,22,18152
3006,22,18151
3007,22,22293
3008,22,22293
3009,22,21631
3010,22,21631
3011,22,21631
3012,22,21631
3013,22,21630
3014,22,21631
3015,22,21630
3016,11,16146
3017,22,20309
3018,11,16146
3019,11,19306
3020,11,16268
3021,11,19306
3022,11,16268
3023,22,20309
3024,22,20309
3025,22,20309
3026,22,20309
3027,22,20309
3028,22,20309
3029,11,16268
3030,11,16268
3031,11,24301
3032,11,24301
3033,11,19145
3034,11,24301
3035,11,19145
3036,22,20309
3037,22,20309
3038,317,24245
3039,22,20309
3040,22,20309
3041,11,23859
3042,11,23859
3043,22,22664
3044,22,22664
3045,3,24190
3046,22,20309
3047,75,12154
3048,75,12154
3049,22,20309
3050,22,20309
3051,22,20309
3052,22,20309
3053,22,20309
3054,22,20309
3055,22,20309
3056,22,21630
3057,22,21630
3058,22,21630
3059,22,20309
3060,22,20309
3061,22,20309
3062,22,20309
3063,22,21111
3064,22,21111
3065,75,12154
3066,75,12154
3067,75,15636
3068,75,15636
3069,75,24659
3070,11,23125
3071,11,23125
3072,11,23125
3073,11,23125
3074,11,23125
3075,11,23125
3076,75,24659
3077,75,24659
3078,75,24659
3079,75,16268
3080,75,16268
3081,75,16268
3082,19,22426
3083,19,22425
3084,19,22425
3085,19,22425
3086,19,22425
3087,75,16268
3088,75,16268
3089,75,16268
3090,75,23125
3091,75,24804
3092,75,24804
3093,75,15636
3094,75,15636
3095,75,16268
3096,75,23125
3097,75,23125
3098,75,16268
3099,75,15636
3100,3,24190
3101,75,23125
3102,75,23125
3103,75,12154
3104,75,12154
3105,3,23899
3106,3,23899
3107,3,24850
3108,3,23899
3109,3,24850
3110,3,24181
3111,3,24181
3112,75,16268
3113,75,16268
3114,75,24804
3115,75,24804
3116,71,20134
3117,71,20133
3118,71,20134
3119,71,20134
3120,71,20134
3121,71,20134
3122,71,20133
3123,71,20131
3124,71,20864
3125,71,20131
3126,71,20864
3127,71,20134
3128,71,20131
3129,71,20131
3130,318,24335
3131,318,22878
3132,318,24335
3133,318,24335
3134,318,20002
3135,318,20002
3136,318,24335
3137,318,24335
3138,318,16146
3139,318,20136
3140,318,16146
3141,245,24239
3142,245,24239
3143,245,24233
3144,245,24233
3145,19,24453
3146,19,24453
3147,19,24453
3148,71,24505
3149,71,24505
3150,71,23098
3151,71,24505
3152,71,23098
3153,71,23098
3154,71,23098
3155,71,24088
3156,71,24505
3157,71,24505
3158,71,24505
3159,71,24189
3160,71,24088
3161,71,24088
3162,71,24216
3163,71,24088
3164,71,24093
3165,71,24093
3166,71,24189
3167,22,21631
3168,22,21631
3169,22,21631
3170,22,21631
3171,22,21631
3172,22,21111
3173,22,21111
3174,22,21111
3175,22,23584
3176,22,23584
3177,22,23584
3178,22,21110
3179,22,21110
3180,22,20309
3181,22,20309
3182,22,20309
3183,22,22679
3184,22,22679
3185,22,21109
3186,22,21631
3187,22,21631
3188,22,21109
3189,22,21109
3190,22,21630
3191,22,21630
3192,22,21630
3193,22,23584
3194,19,24453
3195,19,24453
3196,22,21631
3197,22,21631
3198,22,23584
3199,22,21631
3200,19,21582
3201,3,15831
3202,3,15831
3203,3,15831
3204,22,22293
3205,22,22293
3206,22,22293
3207,22,21631
3208,22,21631
3209,22,21631
3210,22,21631
3211,22,21631
3212,22,21630
3213,22,21630
3214,22,21630
3215,22,22668
3216,22,22668
3217,22,22684
3218,22,22684
3219,318,16146
3220,318,16146
3221,318,20136
3222,318,20002
3223,318,20002
3224,318,24335
3225,318,24335
3226,318,24335
3227,318,24335
3228,318,22878
3229,304,23098
3230,304,23098
3231,304,23098
3232,319,16078
3233,319,16078
3234,317,14523
3235,317,19145
3236,317,14523
3237,71,24216
3238,71,22161
3239,71,24586
3240,71,22128
3241,71,22128
3242,71,22164
3243,71,22164
3244,71,22161
3245,71,24923
3246,71,24923
3247,71,24921
3248,71,24921
3249,71,24586
3250,159,22131
3251,159,22165
3252,159,22165
3253,159,22131
3254,159,22165
3255,159,22165
3256,159,22875
3257,159,22875
3258,71,22128
3259,71,22128
3260,71,24594
3261,71,24594
3262,71,24594
3263,71,24594
3264,71,23672
3265,71,23672
3266,71,23639
3267,71,23639
3268,71,23674
3269,71,23674
3270,71,23728
3271,71,23728
3272,71,23809
3273,3,18014
3274,3,18014
3275,3,18014
3276,71,23809
3277,3,24716
3278,71,23809
3279,71,24716
3280,71,24716
3281,71,24716
3282,71,24716
3283,71,24716
3284,71,24716
3285,71,24231
3286,71,24231
3287,71,24231
3288,313,22125
3289,313,22875
3290,313,22125
3291,313,22875
3292,313,22877
3293,313,22162
3294,313,22161
3295,313,22161
3296,313,22877
3297,313,22162
3298,313,20905
3299,313,20597
3300,313,21126
3301,313,21126
3302,313,20905
3303,313,22163
3304,313,22123
3305,313,22690
3306,313,22123
3307,313,22690
3308,313,22163
3309,313,22162
3310,313,22876
3311,313,22161
3312,313,22161
3313,313,22162
3314,313,22875
3315,313,22875
3316,313,13393
3317,313,22876
3318,313,20059
3319,313,22165
3320,313,15852
3321,313,22126
3322,313,15852
3323,313,22126
3324,313,22165
3325,313,13393
3326,313,24198
3327,313,24198
3328,313,20597
3329,313,22770
3330,313,22770
3331,313,20480
3332,313,20480
3333,313,22769
3334,313,22769
3335,313,20188
3336,313,24551
3337,313,24551
3338,313,24640
3339,313,24640
3340,313,20487
3341,313,20487
3342,313,15224
3343,313,15225
3344,313,20188
3345,313,20188
3346,313,16146
3347,313,20002
3348,313,20002
3349,313,16146
3350,313,16269
3351,313,16146
3352,313,15224
3353,313,16146
3354,313,20673
3355,313,20673
3356,313,12599
3357,313,12598
3358,313,12598
3359,313,12608
3360,313,12608
3361,313,15635
3362,313,15635
3363,313,22164
3364,313,22173
3365,313,22173
3366,313,16269
3367,313,23139
3368,313,23139
3369,3,24716
3370,3,23847
3371,13,22690
3372,13,22877
3373,13,24923
3374,13,22126
3375,13,22877
3376,13,22126
3377,13,24923
3378,22,20309
3379,22,20309
3380,22,20309
3381,22,20309
3382,22,20309
3383,22,20309
3384,22,20309
3385,321,23270
3386,22,21113
3387,22,20309
3388,22,21113
3389,22,21109
3390,22,21109
3391,22,18146
3392,22,18146
3393,22,18146
3394,71,15283
3395,71,15283
3396,71,22723
3397,71,22723
3398,71,22885
3399,71,22125
3400,71,24586
3401,71,24586
3402,71,22878
3403,71,22878
3404,71,22877
3405,71,22885
3406,71,22876
3407,71,22877
3408,71,22876
3409,71,22161
3410,71,22829
3411,71,22829
3412,71,22161
3413,71,22873
3414,71,22873
3415,22,19777
3416,22,19777
3417,22,19777
3418,22,24379
3419,22,24379
3420,22,24379
3421,22,24376
3422,22,24376
3423,22,24379
3424,334,24171
3425,22,24393
3426,22,24393
3427,22,24379
3428,22,24379
3429,340,24715
3430,340,24715
3431,22,24393
3432,22,24489
3433,22,24393
3434,22,24489
3435,22,24393
3436,339,24088
3437,340,24923
3438,339,24231
3439,339,24094
3440,339,24088
3441,339,24094
3442,339,24239
3443,339,24189
3444,339,24231
3445,22,21955
3446,340,22125
3447,340,24923
3448,340,22882
3449,340,22882
3450,340,22882
3451,340,16146
3452,340,16146
3453,340,22125
3454,340,18044
3455,22,21955
3456,22,21955
3457,352,23358
3458,352,23819
3459,352,23819
3460,352,23819
3461,352,23358
3462,362,20186
3463,362,24714
3464,362,20186
3465,362,20662
3466,362,24299
3467,362,24292
3468,362,20371
3469,362,20371
3470,362,24295
3471,362,20371
3472,362,24295
3473,362,24289
3474,362,22389
3475,362,20186
3476,362,24640
3477,362,20186
3478,362,21236
3479,362,24554
