"","OfferID","CustomerID.x","CategoryID","CategoryName","CustomerID.y","value","event_timestamp","arrival_timestamp","OfferID.y","spended_time","interest"
"1",11822,71,100200,"Housekeeping","11","6",1452500734023,1452502865348,11822,127879500000,"NO"
"2",11822,71,100200,"Housekeeping","11","6",1452500734023,1452502865348,11822,127879500000,"NO"
"3",11822,71,100200,"Housekeeping","11","6",1452500734023,1452502865348,11822,127879500000,"NO"
"4",11822,11,100200,"Housekeeping","11","6",1452500734023,1452502865348,11822,127879500000,"NO"
"5",11822,71,100200,"Housekeeping","11","6",1452500734023,1452502865348,11822,127879500000,"NO"
"6",11822,11,100200,"Housekeeping","11","6",1452500734023,1452502865348,11822,127879500000,"NO"
"7",11822,11,100200,"Housekeeping","11","6",1452500734023,1452502865348,11822,127879500000,"NO"
"8",11822,71,100200,"Housekeeping","11","6",1452500734023,1452502865348,11822,127879500000,"NO"
"9",11822,11,100200,"Housekeeping","11","6",1452500734023,1452502865348,11822,127879500000,"NO"
"10",11822,71,100200,"Housekeeping","11","6",1452500734023,1452502865348,11822,127879500000,"NO"
"11",11822,71,100200,"Housekeeping","11","6",1452500734023,1452502865348,11822,127879500000,"NO"
"12",11822,71,100200,"Housekeeping","11","6",1452500734023,1452502865348,11822,127879500000,"NO"
"13",11822,71,100200,"Housekeeping","11","6",1452500734023,1452502865348,11822,127879500000,"NO"
"14",11822,71,100200,"Housekeeping","11","6",1452500734023,1452502865348,11822,127879500000,"NO"
"15",11822,71,100200,"Housekeeping","11","6",1452500734023,1452502865348,11822,127879500000,"NO"
"16",11822,11,100200,"Housekeeping","11","6",1452500734023,1452502865348,11822,127879500000,"NO"
"17",11822,71,100200,"Housekeeping","11","6",1452500734023,1452502865348,11822,127879500000,"NO"
"18",11822,71,100200,"Housekeeping","11","6",1452500734023,1452502865348,11822,127879500000,"NO"
"19",11822,71,100200,"Housekeeping","11","6",1452500734023,1452502865348,11822,127879500000,"NO"
"20",11822,11,100200,"Housekeeping","11","6",1452500734023,1452502865348,11822,127879500000,"NO"
"21",11822,71,100200,"Housekeeping","11","6",1452500734023,1452502865348,11822,127879500000,"NO"
"22",11822,71,100200,"Housekeeping","11","6",1452500734023,1452502865348,11822,127879500000,"NO"
"23",12599,313,80000,"Grocery","313","2",1453039010857,1453039084051,12599,4391640000,"NO"
"24",12599,313,80000,"Grocery","313","2",1453039010857,1453039084051,12599,4391640000,"NO"
"25",14409,310,120100,"Mobile Recharge","310","2",1452107686286,1452107624340,14409,-3716760000,"NO"
"26",14409,310,120000,"Online Recharge","310","2",1452107686286,1452107624340,14409,-3716760000,"NO"
"27",14409,313,120100,"Mobile Recharge","310","2",1452107686286,1452107624340,14409,-3716760000,"NO"
"28",14409,313,120000,"Online Recharge","310","2",1452107686286,1452107624340,14409,-3716760000,"NO"
"29",14409,313,120100,"Mobile Recharge","310","2",1452107686286,1452107624340,14409,-3716760000,"NO"
"30",14409,313,120000,"Online Recharge","310","2",1452107686286,1452107624340,14409,-3716760000,"NO"
"31",14409,313,120100,"Mobile Recharge","310","2",1452107686286,1452107624340,14409,-3716760000,"NO"
"32",14409,313,120000,"Online Recharge","310","2",1452107686286,1452107624340,14409,-3716760000,"NO"
"33",14409,310,120100,"Mobile Recharge","310","2",1452107686286,1452107624340,14409,-3716760000,"NO"
"34",14409,310,120000,"Online Recharge","310","2",1452107686286,1452107624340,14409,-3716760000,"NO"
"35",14409,313,120100,"Mobile Recharge","310","2",1452107686286,1452107624340,14409,-3716760000,"NO"
"36",14409,313,120000,"Online Recharge","310","2",1452107686286,1452107624340,14409,-3716760000,"NO"
"37",14414,56,120000,"Online Recharge","56","4",1451797101133,1452355239657,14414,33488311440000,"YES"
"38",14414,56,120200,"Data Card Recharge","56","4",1451797101133,1452355239657,14414,33488311440000,"YES"
"39",14414,56,120000,"Online Recharge","56","4",1451797101133,1452355239657,14414,33488311440000,"YES"
"40",14414,56,120200,"Data Card Recharge","56","4",1451797101133,1452355239657,14414,33488311440000,"YES"
"41",14414,56,120000,"Online Recharge","56","4",1451797101133,1452355239657,14414,33488311440000,"YES"
"42",14414,56,120200,"Data Card Recharge","56","4",1451797101133,1452355239657,14414,33488311440000,"YES"
"43",14414,56,120000,"Online Recharge","56","4",1451797101133,1452355239657,14414,33488311440000,"YES"
"44",14414,56,120200,"Data Card Recharge","56","4",1451797101133,1452355239657,14414,33488311440000,"YES"
"45",15033,245,50100,"Fast Food","245","4",1451743812353,1451891416354,15033,8856240060000,"YES"
"46",15033,245,50000,"Food and Beverages","245","4",1451743812353,1451891416354,15033,8856240060000,"YES"
"47",15033,245,50100,"Fast Food","245","4",1451743812353,1451891416354,15033,8856240060000,"YES"
"48",15033,245,50000,"Food and Beverages","245","4",1451743812353,1451891416354,15033,8856240060000,"YES"
"49",15033,245,50100,"Fast Food","245","4",1451743812353,1451891416354,15033,8856240060000,"YES"
"50",15033,245,50000,"Food and Beverages","245","4",1451743812353,1451891416354,15033,8856240060000,"YES"
"51",15033,245,50100,"Fast Food","245","4",1451743812353,1451891416354,15033,8856240060000,"YES"
"52",15033,245,50000,"Food and Beverages","245","4",1451743812353,1451891416354,15033,8856240060000,"YES"
"53",16008,289,10600,"Eyewear","289","6",1452233669547,1452233732833,16008,3797160000,"NO"
"54",16008,3,10600,"Eyewear","289","6",1452233669547,1452233732833,16008,3797160000,"NO"
"55",16008,289,10600,"Eyewear","289","6",1452233669547,1452233732833,16008,3797160000,"NO"
"56",16008,289,10600,"Eyewear","289","6",1452233669547,1452233732833,16008,3797160000,"NO"
"57",16008,289,10600,"Eyewear","289","6",1452233669547,1452233732833,16008,3797160000,"NO"
"58",16008,289,10600,"Eyewear","289","6",1452233669547,1452233732833,16008,3797160000,"NO"
"59",16008,289,10600,"Eyewear","289","6",1452233669547,1452233732833,16008,3797160000,"NO"
"60",16008,289,10600,"Eyewear","289","6",1452233669547,1452233732833,16008,3797160000,"NO"
"61",16008,289,10600,"Eyewear","289","6",1452233669547,1452233732833,16008,3797160000,"NO"
"62",16008,3,10600,"Eyewear","289","6",1452233669547,1452233732833,16008,3797160000,"NO"
"63",16008,3,10600,"Eyewear","289","6",1452233669547,1452233732833,16008,3797160000,"NO"
"64",16008,3,10600,"Eyewear","289","6",1452233669547,1452233732833,16008,3797160000,"NO"
"65",16078,319,10700,"Footwear","319","4",1452959752046,1452959754736,16078,161400000,"NO"
"66",16078,319,10700,"Footwear","319","4",1452959752046,1452959754736,16078,161400000,"NO"
"67",16078,319,10700,"Footwear","319","4",1452959752046,1452959754736,16078,161400000,"NO"
"68",16078,319,10700,"Footwear","319","4",1452959752046,1452959754736,16078,161400000,"NO"
"69",16268,11,100200,"Housekeeping","75","12",1452865193372,1452865264577,16268,4272300000,"NO"
"70",16268,11,100000,"Home and Living","75","12",1452865193372,1452865264577,16268,4272300000,"NO"
"71",16268,75,100200,"Housekeeping","75","12",1452865193372,1452865264577,16268,4272300000,"NO"
"72",16268,75,100000,"Home and Living","75","12",1452865193372,1452865264577,16268,4272300000,"NO"
"73",16268,75,100200,"Housekeeping","75","12",1452865193372,1452865264577,16268,4272300000,"NO"
"74",16268,75,100000,"Home and Living","75","12",1452865193372,1452865264577,16268,4272300000,"NO"
"75",16268,11,100200,"Housekeeping","75","12",1452865193372,1452865264577,16268,4272300000,"NO"
"76",16268,11,100000,"Home and Living","75","12",1452865193372,1452865264577,16268,4272300000,"NO"
"77",16268,75,100200,"Housekeeping","75","12",1452865193372,1452865264577,16268,4272300000,"NO"
"78",16268,75,100000,"Home and Living","75","12",1452865193372,1452865264577,16268,4272300000,"NO"
"79",16268,75,100200,"Housekeeping","75","12",1452865193372,1452865264577,16268,4272300000,"NO"
"80",16268,75,100000,"Home and Living","75","12",1452865193372,1452865264577,16268,4272300000,"NO"
"81",16268,11,100200,"Housekeeping","75","12",1452865193372,1452865264577,16268,4272300000,"NO"
"82",16268,11,100000,"Home and Living","75","12",1452865193372,1452865264577,16268,4272300000,"NO"
"83",16268,11,100200,"Housekeeping","75","12",1452865193372,1452865264577,16268,4272300000,"NO"
"84",16268,11,100000,"Home and Living","75","12",1452865193372,1452865264577,16268,4272300000,"NO"
"85",16268,75,100200,"Housekeeping","75","12",1452865193372,1452865264577,16268,4272300000,"NO"
"86",16268,75,100000,"Home and Living","75","12",1452865193372,1452865264577,16268,4272300000,"NO"
"87",16268,11,100200,"Housekeeping","75","12",1452865193372,1452865264577,16268,4272300000,"NO"
"88",16268,11,100000,"Home and Living","75","12",1452865193372,1452865264577,16268,4272300000,"NO"
"89",16268,75,100200,"Housekeeping","75","12",1452865193372,1452865264577,16268,4272300000,"NO"
"90",16268,75,100000,"Home and Living","75","12",1452865193372,1452865264577,16268,4272300000,"NO"
"91",16268,75,100200,"Housekeeping","75","12",1452865193372,1452865264577,16268,4272300000,"NO"
"92",16268,75,100000,"Home and Living","75","12",1452865193372,1452865264577,16268,4272300000,"NO"
"93",16268,75,100200,"Housekeeping","75","12",1452865193372,1452865264577,16268,4272300000,"NO"
"94",16268,75,100000,"Home and Living","75","12",1452865193372,1452865264577,16268,4272300000,"NO"
"95",16268,75,100200,"Housekeeping","75","12",1452865193372,1452865264577,16268,4272300000,"NO"
"96",16268,75,100000,"Home and Living","75","12",1452865193372,1452865264577,16268,4272300000,"NO"
"97",16268,75,100200,"Housekeeping","75","12",1452865193372,1452865264577,16268,4272300000,"NO"
"98",16268,75,100000,"Home and Living","75","12",1452865193372,1452865264577,16268,4272300000,"NO"
"99",16268,75,100200,"Housekeeping","75","12",1452865193372,1452865264577,16268,4272300000,"NO"
"100",16268,75,100000,"Home and Living","75","12",1452865193372,1452865264577,16268,4272300000,"NO"
"101",16268,75,100200,"Housekeeping","75","12",1452865193372,1452865264577,16268,4272300000,"NO"
"102",16268,75,100000,"Home and Living","75","12",1452865193372,1452865264577,16268,4272300000,"NO"
"103",16268,11,100200,"Housekeeping","75","12",1452865193372,1452865264577,16268,4272300000,"NO"
"104",16268,11,100000,"Home and Living","75","12",1452865193372,1452865264577,16268,4272300000,"NO"
"105",16268,75,100200,"Housekeeping","75","12",1452865193372,1452865264577,16268,4272300000,"NO"
"106",16268,75,100000,"Home and Living","75","12",1452865193372,1452865264577,16268,4272300000,"NO"
"107",16268,75,100200,"Housekeeping","75","12",1452865193372,1452865264577,16268,4272300000,"NO"
"108",16268,75,100000,"Home and Living","75","12",1452865193372,1452865264577,16268,4272300000,"NO"
"109",16268,11,100200,"Housekeeping","75","12",1452865193372,1452865264577,16268,4272300000,"NO"
"110",16268,11,100000,"Home and Living","75","12",1452865193372,1452865264577,16268,4272300000,"NO"
"111",16268,75,100200,"Housekeeping","75","12",1452865193372,1452865264577,16268,4272300000,"NO"
"112",16268,75,100000,"Home and Living","75","12",1452865193372,1452865264577,16268,4272300000,"NO"
"113",16268,75,100200,"Housekeeping","75","12",1452865193372,1452865264577,16268,4272300000,"NO"
"114",16268,75,100000,"Home and Living","75","12",1452865193372,1452865264577,16268,4272300000,"NO"
"115",16268,75,100200,"Housekeeping","75","12",1452865193372,1452865264577,16268,4272300000,"NO"
"116",16268,75,100000,"Home and Living","75","12",1452865193372,1452865264577,16268,4272300000,"NO"
"117",16268,75,100200,"Housekeeping","75","12",1452865193372,1452865264577,16268,4272300000,"NO"
"118",16268,75,100000,"Home and Living","75","12",1452865193372,1452865264577,16268,4272300000,"NO"
"119",16268,11,100200,"Housekeeping","75","12",1452865193372,1452865264577,16268,4272300000,"NO"
"120",16268,11,100000,"Home and Living","75","12",1452865193372,1452865264577,16268,4272300000,"NO"
"121",16268,75,100200,"Housekeeping","75","12",1452865193372,1452865264577,16268,4272300000,"NO"
"122",16268,75,100000,"Home and Living","75","12",1452865193372,1452865264577,16268,4272300000,"NO"
"123",16268,75,100200,"Housekeeping","75","12",1452865193372,1452865264577,16268,4272300000,"NO"
"124",16268,75,100000,"Home and Living","75","12",1452865193372,1452865264577,16268,4272300000,"NO"
"125",18016,163,100400,"Kitchenware","163","2",1448780624366,1452194248297,18016,204817435860000,"YES"
"126",18016,163,100400,"Kitchenware","163","2",1448780624366,1452194248297,18016,204817435860000,"YES"
"127",19371,312,40800,"Home Appliances","312","4",1452359296822,1452359331924,19371,2106120000,"NO"
"128",19371,312,40800,"Home Appliances","312","4",1452359296822,1452359331924,19371,2106120000,"NO"
"129",19371,312,40800,"Home Appliances","312","4",1452359296822,1452359331924,19371,2106120000,"NO"
"130",19371,312,40800,"Home Appliances","312","4",1452359296822,1452359331924,19371,2106120000,"NO"
"131",20097,13,60100,"Sports","13","2",1451499973482,1452337746946,20097,50266407840000,"YES"
"132",20097,13,150000,"Travel","13","2",1451499973482,1452337746946,20097,50266407840000,"YES"
"133",20097,13,60100,"Sports","13","2",1451499973482,1452337746946,20097,50266407840000,"YES"
"134",20097,13,150000,"Travel","13","2",1451499973482,1452337746946,20097,50266407840000,"YES"
"135",20311,236,40000,"Electronics and Gadgets","236","10",1452799227777,1452799297770,20311,4199580000,"NO"
"136",20311,236,40000,"Electronics and Gadgets","236","10",1452799227777,1452799297770,20311,4199580000,"NO"
"137",20311,236,40000,"Electronics and Gadgets","236","10",1452799227777,1452799297770,20311,4199580000,"NO"
"138",20311,236,40000,"Electronics and Gadgets","236","10",1452799227777,1452799297770,20311,4199580000,"NO"
"139",20311,11,40000,"Electronics and Gadgets","236","10",1452799227777,1452799297770,20311,4199580000,"NO"
"140",20311,11,40000,"Electronics and Gadgets","236","10",1452799227777,1452799297770,20311,4199580000,"NO"
"141",20311,236,40000,"Electronics and Gadgets","236","10",1452799227777,1452799297770,20311,4199580000,"NO"
"142",20311,236,40000,"Electronics and Gadgets","236","10",1452799227777,1452799297770,20311,4199580000,"NO"
"143",20311,236,40000,"Electronics and Gadgets","236","10",1452799227777,1452799297770,20311,4199580000,"NO"
"144",20311,236,40000,"Electronics and Gadgets","236","10",1452799227777,1452799297770,20311,4199580000,"NO"
"145",20311,236,40000,"Electronics and Gadgets","236","10",1452799227777,1452799297770,20311,4199580000,"NO"
"146",20311,236,40000,"Electronics and Gadgets","236","10",1452799227777,1452799297770,20311,4199580000,"NO"
"147",20311,11,40000,"Electronics and Gadgets","236","10",1452799227777,1452799297770,20311,4199580000,"NO"
"148",20311,236,40000,"Electronics and Gadgets","236","10",1452799227777,1452799297770,20311,4199580000,"NO"
"149",20311,11,40000,"Electronics and Gadgets","236","10",1452799227777,1452799297770,20311,4199580000,"NO"
"150",20311,236,40000,"Electronics and Gadgets","236","10",1452799227777,1452799297770,20311,4199580000,"NO"
"151",20463,3,100400,"Kitchenware","3","4",1452265825814,1452265898243,20463,4345740000,"NO"
"152",20463,3,100400,"Kitchenware","3","4",1452265825814,1452265898243,20463,4345740000,"NO"
"153",20463,3,100400,"Kitchenware","3","4",1452265825814,1452265898243,20463,4345740000,"NO"
"154",20463,3,100400,"Kitchenware","3","4",1452265825814,1452265898243,20463,4345740000,"NO"
"155",20612,311,10100,"Mens Apparels","311","4",1452330348174,1452330369203,20612,1261740000,"NO"
"156",20612,311,10000,"Fashion","311","4",1452330348174,1452330369203,20612,1261740000,"NO"
"157",20612,311,10100,"Mens Apparels","311","4",1452330348174,1452330369203,20612,1261740000,"NO"
"158",20612,311,10000,"Fashion","311","4",1452330348174,1452330369203,20612,1261740000,"NO"
"159",20612,311,10100,"Mens Apparels","311","4",1452330348174,1452330369203,20612,1261740000,"NO"
"160",20612,311,10000,"Fashion","311","4",1452330348174,1452330369203,20612,1261740000,"NO"
"161",20612,311,10100,"Mens Apparels","311","4",1452330348174,1452330369203,20612,1261740000,"NO"
"162",20612,311,10000,"Fashion","311","4",1452330348174,1452330369203,20612,1261740000,"NO"
"163",21036,151,100000,"Home and Living","151","2",1451164497136,1452184554753,21036,61203457020000,"YES"
"164",21036,151,100100,"Furniture and Decor","151","2",1451164497136,1452184554753,21036,61203457020000,"YES"
"165",21036,151,100000,"Home and Living","151","2",1451164497136,1452184554753,21036,61203457020000,"YES"
"166",21036,151,100100,"Furniture and Decor","151","2",1451164497136,1452184554753,21036,61203457020000,"YES"
"167",21105,254,90000,"Health and Beauty","254","4",1451985486921,1451985503846,21105,1015500000,"NO"
"168",21105,254,90100,"Spas Saloons and Parlors","254","4",1451985486921,1451985503846,21105,1015500000,"NO"
"169",21105,254,90000,"Health and Beauty","254","4",1451985486921,1451985503846,21105,1015500000,"NO"
"170",21105,254,90100,"Spas Saloons and Parlors","254","4",1451985486921,1451985503846,21105,1015500000,"NO"
"171",21105,254,90000,"Health and Beauty","254","4",1451985486921,1451985503846,21105,1015500000,"NO"
"172",21105,254,90100,"Spas Saloons and Parlors","254","4",1451985486921,1451985503846,21105,1015500000,"NO"
"173",21105,254,90000,"Health and Beauty","254","4",1451985486921,1451985503846,21105,1015500000,"NO"
"174",21105,254,90100,"Spas Saloons and Parlors","254","4",1451985486921,1451985503846,21105,1015500000,"NO"
"175",21110,22,100100,"Furniture and Decor","191","4",1452665393158,1452665490729,21110,5854260000,"NO"
"176",21110,22,100000,"Home and Living","191","4",1452665393158,1452665490729,21110,5854260000,"NO"
"177",21110,22,100100,"Furniture and Decor","191","4",1452665393158,1452665490729,21110,5854260000,"NO"
"178",21110,22,100000,"Home and Living","191","4",1452665393158,1452665490729,21110,5854260000,"NO"
"179",21110,22,100100,"Furniture and Decor","191","4",1452665393158,1452665490729,21110,5854260000,"NO"
"180",21110,22,100000,"Home and Living","191","4",1452665393158,1452665490729,21110,5854260000,"NO"
"181",21110,191,100100,"Furniture and Decor","191","4",1452665393158,1452665490729,21110,5854260000,"NO"
"182",21110,191,100000,"Home and Living","191","4",1452665393158,1452665490729,21110,5854260000,"NO"
"183",21110,22,100100,"Furniture and Decor","191","4",1452665393158,1452665490729,21110,5854260000,"NO"
"184",21110,22,100000,"Home and Living","191","4",1452665393158,1452665490729,21110,5854260000,"NO"
"185",21110,22,100100,"Furniture and Decor","191","4",1452665393158,1452665490729,21110,5854260000,"NO"
"186",21110,22,100000,"Home and Living","191","4",1452665393158,1452665490729,21110,5854260000,"NO"
"187",21110,22,100100,"Furniture and Decor","191","4",1452665393158,1452665490729,21110,5854260000,"NO"
"188",21110,22,100000,"Home and Living","191","4",1452665393158,1452665490729,21110,5854260000,"NO"
"189",21110,22,100100,"Furniture and Decor","191","4",1452665393158,1452665490729,21110,5854260000,"NO"
"190",21110,22,100000,"Home and Living","191","4",1452665393158,1452665490729,21110,5854260000,"NO"
"191",21110,22,100100,"Furniture and Decor","191","4",1452665393158,1452665490729,21110,5854260000,"NO"
"192",21110,22,100000,"Home and Living","191","4",1452665393158,1452665490729,21110,5854260000,"NO"
"193",21110,22,100100,"Furniture and Decor","191","4",1452665393158,1452665490729,21110,5854260000,"NO"
"194",21110,22,100000,"Home and Living","191","4",1452665393158,1452665490729,21110,5854260000,"NO"
"195",21110,22,100100,"Furniture and Decor","191","4",1452665393158,1452665490729,21110,5854260000,"NO"
"196",21110,22,100000,"Home and Living","191","4",1452665393158,1452665490729,21110,5854260000,"NO"
"197",21110,191,100100,"Furniture and Decor","191","4",1452665393158,1452665490729,21110,5854260000,"NO"
"198",21110,191,100000,"Home and Living","191","4",1452665393158,1452665490729,21110,5854260000,"NO"
"199",21110,22,100100,"Furniture and Decor","191","4",1452665393158,1452665490729,21110,5854260000,"NO"
"200",21110,22,100000,"Home and Living","191","4",1452665393158,1452665490729,21110,5854260000,"NO"
"201",21110,191,100100,"Furniture and Decor","191","4",1452665393158,1452665490729,21110,5854260000,"NO"
"202",21110,191,100000,"Home and Living","191","4",1452665393158,1452665490729,21110,5854260000,"NO"
"203",21110,22,100100,"Furniture and Decor","191","4",1452665393158,1452665490729,21110,5854260000,"NO"
"204",21110,22,100000,"Home and Living","191","4",1452665393158,1452665490729,21110,5854260000,"NO"
"205",21110,22,100100,"Furniture and Decor","191","4",1452665393158,1452665490729,21110,5854260000,"NO"
"206",21110,22,100000,"Home and Living","191","4",1452665393158,1452665490729,21110,5854260000,"NO"
"207",21110,22,100100,"Furniture and Decor","191","4",1452665393158,1452665490729,21110,5854260000,"NO"
"208",21110,22,100000,"Home and Living","191","4",1452665393158,1452665490729,21110,5854260000,"NO"
"209",21110,22,100100,"Furniture and Decor","191","4",1452665393158,1452665490729,21110,5854260000,"NO"
"210",21110,22,100000,"Home and Living","191","4",1452665393158,1452665490729,21110,5854260000,"NO"
"211",21110,22,100100,"Furniture and Decor","191","4",1452665393158,1452665490729,21110,5854260000,"NO"
"212",21110,22,100000,"Home and Living","191","4",1452665393158,1452665490729,21110,5854260000,"NO"
"213",21110,22,100100,"Furniture and Decor","191","4",1452665393158,1452665490729,21110,5854260000,"NO"
"214",21110,22,100000,"Home and Living","191","4",1452665393158,1452665490729,21110,5854260000,"NO"
"215",21110,22,100100,"Furniture and Decor","191","4",1452665393158,1452665490729,21110,5854260000,"NO"
"216",21110,22,100000,"Home and Living","191","4",1452665393158,1452665490729,21110,5854260000,"NO"
"217",21110,191,100100,"Furniture and Decor","191","4",1452665393158,1452665490729,21110,5854260000,"NO"
"218",21110,191,100000,"Home and Living","191","4",1452665393158,1452665490729,21110,5854260000,"NO"
"219",21110,22,100100,"Furniture and Decor","191","4",1452665393158,1452665490729,21110,5854260000,"NO"
"220",21110,22,100000,"Home and Living","191","4",1452665393158,1452665490729,21110,5854260000,"NO"
"221",21110,22,100100,"Furniture and Decor","191","4",1452665393158,1452665490729,21110,5854260000,"NO"
"222",21110,22,100000,"Home and Living","191","4",1452665393158,1452665490729,21110,5854260000,"NO"
"223",21110,22,100100,"Furniture and Decor","191","4",1452665393158,1452665490729,21110,5854260000,"NO"
"224",21110,22,100000,"Home and Living","191","4",1452665393158,1452665490729,21110,5854260000,"NO"
"225",21110,22,100100,"Furniture and Decor","191","4",1452665393158,1452665490729,21110,5854260000,"NO"
"226",21110,22,100000,"Home and Living","191","4",1452665393158,1452665490729,21110,5854260000,"NO"
"227",21110,22,100100,"Furniture and Decor","191","4",1452665393158,1452665490729,21110,5854260000,"NO"
"228",21110,22,100000,"Home and Living","191","4",1452665393158,1452665490729,21110,5854260000,"NO"
"229",21110,22,100100,"Furniture and Decor","191","4",1452665393158,1452665490729,21110,5854260000,"NO"
"230",21110,22,100000,"Home and Living","191","4",1452665393158,1452665490729,21110,5854260000,"NO"
"231",21110,22,100100,"Furniture and Decor","191","4",1452665393158,1452665490729,21110,5854260000,"NO"
"232",21110,22,100000,"Home and Living","191","4",1452665393158,1452665490729,21110,5854260000,"NO"
"233",21110,22,100100,"Furniture and Decor","191","4",1452665393158,1452665490729,21110,5854260000,"NO"
"234",21110,22,100000,"Home and Living","191","4",1452665393158,1452665490729,21110,5854260000,"NO"
"235",21110,22,100100,"Furniture and Decor","191","4",1452665393158,1452665490729,21110,5854260000,"NO"
"236",21110,22,100000,"Home and Living","191","4",1452665393158,1452665490729,21110,5854260000,"NO"
"237",21110,22,100100,"Furniture and Decor","191","4",1452665393158,1452665490729,21110,5854260000,"NO"
"238",21110,22,100000,"Home and Living","191","4",1452665393158,1452665490729,21110,5854260000,"NO"
"239",21630,22,100100,"Furniture and Decor","22","80",1452070078123,1452071801083,21630,103377600000,"NO"
"240",21630,22,100000,"Home and Living","22","80",1452070078123,1452071801083,21630,103377600000,"NO"
"241",21630,22,0,NA,"22","80",1452070078123,1452071801083,21630,103377600000,"NO"
"242",21630,22,100100,"Furniture and Decor","22","80",1452070078123,1452071801083,21630,103377600000,"NO"
"243",21630,22,100000,"Home and Living","22","80",1452070078123,1452071801083,21630,103377600000,"NO"
"244",21630,22,0,NA,"22","80",1452070078123,1452071801083,21630,103377600000,"NO"
"245",21630,22,100100,"Furniture and Decor","22","80",1452070078123,1452071801083,21630,103377600000,"NO"
"246",21630,22,100000,"Home and Living","22","80",1452070078123,1452071801083,21630,103377600000,"NO"
"247",21630,22,0,NA,"22","80",1452070078123,1452071801083,21630,103377600000,"NO"
"248",21630,22,100100,"Furniture and Decor","22","80",1452070078123,1452071801083,21630,103377600000,"NO"
"249",21630,22,100000,"Home and Living","22","80",1452070078123,1452071801083,21630,103377600000,"NO"
"250",21630,22,0,NA,"22","80",1452070078123,1452071801083,21630,103377600000,"NO"
"251",21630,22,100100,"Furniture and Decor","22","80",1452070078123,1452071801083,21630,103377600000,"NO"
"252",21630,22,100000,"Home and Living","22","80",1452070078123,1452071801083,21630,103377600000,"NO"
"253",21630,22,0,NA,"22","80",1452070078123,1452071801083,21630,103377600000,"NO"
"254",21630,22,100100,"Furniture and Decor","22","80",1452070078123,1452071801083,21630,103377600000,"NO"
"255",21630,22,100000,"Home and Living","22","80",1452070078123,1452071801083,21630,103377600000,"NO"
"256",21630,22,0,NA,"22","80",1452070078123,1452071801083,21630,103377600000,"NO"
"257",21630,22,100100,"Furniture and Decor","22","80",1452070078123,1452071801083,21630,103377600000,"NO"
"258",21630,22,100000,"Home and Living","22","80",1452070078123,1452071801083,21630,103377600000,"NO"
"259",21630,22,0,NA,"22","80",1452070078123,1452071801083,21630,103377600000,"NO"
"260",21630,22,100100,"Furniture and Decor","22","80",1452070078123,1452071801083,21630,103377600000,"NO"
"261",21630,22,100000,"Home and Living","22","80",1452070078123,1452071801083,21630,103377600000,"NO"
"262",21630,22,0,NA,"22","80",1452070078123,1452071801083,21630,103377600000,"NO"
"263",21630,22,100100,"Furniture and Decor","22","80",1452070078123,1452071801083,21630,103377600000,"NO"
"264",21630,22,100000,"Home and Living","22","80",1452070078123,1452071801083,21630,103377600000,"NO"
"265",21630,22,0,NA,"22","80",1452070078123,1452071801083,21630,103377600000,"NO"
"266",21630,22,100100,"Furniture and Decor","22","80",1452070078123,1452071801083,21630,103377600000,"NO"
"267",21630,22,100000,"Home and Living","22","80",1452070078123,1452071801083,21630,103377600000,"NO"
"268",21630,22,0,NA,"22","80",1452070078123,1452071801083,21630,103377600000,"NO"
"269",21630,22,100100,"Furniture and Decor","22","80",1452070078123,1452071801083,21630,103377600000,"NO"
"270",21630,22,100000,"Home and Living","22","80",1452070078123,1452071801083,21630,103377600000,"NO"
"271",21630,22,0,NA,"22","80",1452070078123,1452071801083,21630,103377600000,"NO"
"272",21630,22,100100,"Furniture and Decor","22","80",1452070078123,1452071801083,21630,103377600000,"NO"
"273",21630,22,100000,"Home and Living","22","80",1452070078123,1452071801083,21630,103377600000,"NO"
"274",21630,22,0,NA,"22","80",1452070078123,1452071801083,21630,103377600000,"NO"
"275",21630,22,100100,"Furniture and Decor","22","80",1452070078123,1452071801083,21630,103377600000,"NO"
"276",21630,22,100000,"Home and Living","22","80",1452070078123,1452071801083,21630,103377600000,"NO"
"277",21630,22,0,NA,"22","80",1452070078123,1452071801083,21630,103377600000,"NO"
"278",21630,22,100100,"Furniture and Decor","22","80",1452070078123,1452071801083,21630,103377600000,"NO"
"279",21630,22,100000,"Home and Living","22","80",1452070078123,1452071801083,21630,103377600000,"NO"
"280",21630,22,0,NA,"22","80",1452070078123,1452071801083,21630,103377600000,"NO"
"281",21630,22,100100,"Furniture and Decor","22","80",1452070078123,1452071801083,21630,103377600000,"NO"
"282",21630,22,100000,"Home and Living","22","80",1452070078123,1452071801083,21630,103377600000,"NO"
"283",21630,22,0,NA,"22","80",1452070078123,1452071801083,21630,103377600000,"NO"
"284",21630,22,100100,"Furniture and Decor","22","80",1452070078123,1452071801083,21630,103377600000,"NO"
"285",21630,22,100000,"Home and Living","22","80",1452070078123,1452071801083,21630,103377600000,"NO"
"286",21630,22,0,NA,"22","80",1452070078123,1452071801083,21630,103377600000,"NO"
"287",21630,22,100100,"Furniture and Decor","22","80",1452070078123,1452071801083,21630,103377600000,"NO"
"288",21630,22,100000,"Home and Living","22","80",1452070078123,1452071801083,21630,103377600000,"NO"
"289",21630,22,0,NA,"22","80",1452070078123,1452071801083,21630,103377600000,"NO"
"290",21630,22,100100,"Furniture and Decor","22","80",1452070078123,1452071801083,21630,103377600000,"NO"
"291",21630,22,100000,"Home and Living","22","80",1452070078123,1452071801083,21630,103377600000,"NO"
"292",21630,22,0,NA,"22","80",1452070078123,1452071801083,21630,103377600000,"NO"
"293",21630,22,100100,"Furniture and Decor","22","80",1452070078123,1452071801083,21630,103377600000,"NO"
"294",21630,22,100000,"Home and Living","22","80",1452070078123,1452071801083,21630,103377600000,"NO"
"295",21630,22,0,NA,"22","80",1452070078123,1452071801083,21630,103377600000,"NO"
"296",21630,22,100100,"Furniture and Decor","22","80",1452070078123,1452071801083,21630,103377600000,"NO"
"297",21630,22,100000,"Home and Living","22","80",1452070078123,1452071801083,21630,103377600000,"NO"
"298",21630,22,0,NA,"22","80",1452070078123,1452071801083,21630,103377600000,"NO"
"299",21630,22,100100,"Furniture and Decor","22","80",1452070078123,1452071801083,21630,103377600000,"NO"
"300",21630,22,100000,"Home and Living","22","80",1452070078123,1452071801083,21630,103377600000,"NO"
"301",21630,22,0,NA,"22","80",1452070078123,1452071801083,21630,103377600000,"NO"
"302",21630,22,100100,"Furniture and Decor","22","80",1452070078123,1452071801083,21630,103377600000,"NO"
"303",21630,22,100000,"Home and Living","22","80",1452070078123,1452071801083,21630,103377600000,"NO"
"304",21630,22,0,NA,"22","80",1452070078123,1452071801083,21630,103377600000,"NO"
"305",21630,22,100100,"Furniture and Decor","22","80",1452070078123,1452071801083,21630,103377600000,"NO"
"306",21630,22,100000,"Home and Living","22","80",1452070078123,1452071801083,21630,103377600000,"NO"
"307",21630,22,0,NA,"22","80",1452070078123,1452071801083,21630,103377600000,"NO"
"308",21630,22,100100,"Furniture and Decor","22","80",1452070078123,1452071801083,21630,103377600000,"NO"
"309",21630,22,100000,"Home and Living","22","80",1452070078123,1452071801083,21630,103377600000,"NO"
"310",21630,22,0,NA,"22","80",1452070078123,1452071801083,21630,103377600000,"NO"
"311",21630,22,100100,"Furniture and Decor","22","80",1452070078123,1452071801083,21630,103377600000,"NO"
"312",21630,22,100000,"Home and Living","22","80",1452070078123,1452071801083,21630,103377600000,"NO"
"313",21630,22,0,NA,"22","80",1452070078123,1452071801083,21630,103377600000,"NO"
"314",21630,22,100100,"Furniture and Decor","22","80",1452070078123,1452071801083,21630,103377600000,"NO"
"315",21630,22,100000,"Home and Living","22","80",1452070078123,1452071801083,21630,103377600000,"NO"
"316",21630,22,0,NA,"22","80",1452070078123,1452071801083,21630,103377600000,"NO"
"317",21630,22,100100,"Furniture and Decor","22","80",1452070078123,1452071801083,21630,103377600000,"NO"
"318",21630,22,100000,"Home and Living","22","80",1452070078123,1452071801083,21630,103377600000,"NO"
"319",21630,22,0,NA,"22","80",1452070078123,1452071801083,21630,103377600000,"NO"
"320",21630,22,100100,"Furniture and Decor","22","80",1452070078123,1452071801083,21630,103377600000,"NO"
"321",21630,22,100000,"Home and Living","22","80",1452070078123,1452071801083,21630,103377600000,"NO"
"322",21630,22,0,NA,"22","80",1452070078123,1452071801083,21630,103377600000,"NO"
"323",21630,22,100100,"Furniture and Decor","22","80",1452070078123,1452071801083,21630,103377600000,"NO"
"324",21630,22,100000,"Home and Living","22","80",1452070078123,1452071801083,21630,103377600000,"NO"
"325",21630,22,0,NA,"22","80",1452070078123,1452071801083,21630,103377600000,"NO"
"326",21630,22,100100,"Furniture and Decor","22","80",1452070078123,1452071801083,21630,103377600000,"NO"
"327",21630,22,100000,"Home and Living","22","80",1452070078123,1452071801083,21630,103377600000,"NO"
"328",21630,22,0,NA,"22","80",1452070078123,1452071801083,21630,103377600000,"NO"
"329",21630,22,100100,"Furniture and Decor","22","80",1452070078123,1452071801083,21630,103377600000,"NO"
"330",21630,22,100000,"Home and Living","22","80",1452070078123,1452071801083,21630,103377600000,"NO"
"331",21630,22,0,NA,"22","80",1452070078123,1452071801083,21630,103377600000,"NO"
"332",21630,22,100100,"Furniture and Decor","22","80",1452070078123,1452071801083,21630,103377600000,"NO"
"333",21630,22,100000,"Home and Living","22","80",1452070078123,1452071801083,21630,103377600000,"NO"
"334",21630,22,0,NA,"22","80",1452070078123,1452071801083,21630,103377600000,"NO"
"335",21630,22,100100,"Furniture and Decor","22","80",1452070078123,1452071801083,21630,103377600000,"NO"
"336",21630,22,100000,"Home and Living","22","80",1452070078123,1452071801083,21630,103377600000,"NO"
"337",21630,22,0,NA,"22","80",1452070078123,1452071801083,21630,103377600000,"NO"
"338",21630,22,100100,"Furniture and Decor","22","80",1452070078123,1452071801083,21630,103377600000,"NO"
"339",21630,22,100000,"Home and Living","22","80",1452070078123,1452071801083,21630,103377600000,"NO"
"340",21630,22,0,NA,"22","80",1452070078123,1452071801083,21630,103377600000,"NO"
"341",21630,22,100100,"Furniture and Decor","22","80",1452070078123,1452071801083,21630,103377600000,"NO"
"342",21630,22,100000,"Home and Living","22","80",1452070078123,1452071801083,21630,103377600000,"NO"
"343",21630,22,0,NA,"22","80",1452070078123,1452071801083,21630,103377600000,"NO"
"344",21630,22,100100,"Furniture and Decor","22","80",1452070078123,1452071801083,21630,103377600000,"NO"
"345",21630,22,100000,"Home and Living","22","80",1452070078123,1452071801083,21630,103377600000,"NO"
"346",21630,22,0,NA,"22","80",1452070078123,1452071801083,21630,103377600000,"NO"
"347",21630,22,100100,"Furniture and Decor","22","80",1452070078123,1452071801083,21630,103377600000,"NO"
"348",21630,22,100000,"Home and Living","22","80",1452070078123,1452071801083,21630,103377600000,"NO"
"349",21630,22,0,NA,"22","80",1452070078123,1452071801083,21630,103377600000,"NO"
"350",21630,22,100100,"Furniture and Decor","22","80",1452070078123,1452071801083,21630,103377600000,"NO"
"351",21630,22,100000,"Home and Living","22","80",1452070078123,1452071801083,21630,103377600000,"NO"
"352",21630,22,0,NA,"22","80",1452070078123,1452071801083,21630,103377600000,"NO"
"353",21630,22,100100,"Furniture and Decor","22","80",1452070078123,1452071801083,21630,103377600000,"NO"
"354",21630,22,100000,"Home and Living","22","80",1452070078123,1452071801083,21630,103377600000,"NO"
"355",21630,22,0,NA,"22","80",1452070078123,1452071801083,21630,103377600000,"NO"
"356",21630,22,100100,"Furniture and Decor","22","80",1452070078123,1452071801083,21630,103377600000,"NO"
"357",21630,22,100000,"Home and Living","22","80",1452070078123,1452071801083,21630,103377600000,"NO"
"358",21630,22,0,NA,"22","80",1452070078123,1452071801083,21630,103377600000,"NO"
"359",21630,22,100100,"Furniture and Decor","22","80",1452070078123,1452071801083,21630,103377600000,"NO"
"360",21630,22,100000,"Home and Living","22","80",1452070078123,1452071801083,21630,103377600000,"NO"
"361",21630,22,0,NA,"22","80",1452070078123,1452071801083,21630,103377600000,"NO"
"362",21630,22,100100,"Furniture and Decor","22","80",1452070078123,1452071801083,21630,103377600000,"NO"
"363",21630,22,100000,"Home and Living","22","80",1452070078123,1452071801083,21630,103377600000,"NO"
"364",21630,22,0,NA,"22","80",1452070078123,1452071801083,21630,103377600000,"NO"
"365",21630,22,100100,"Furniture and Decor","22","80",1452070078123,1452071801083,21630,103377600000,"NO"
"366",21630,22,100000,"Home and Living","22","80",1452070078123,1452071801083,21630,103377600000,"NO"
"367",21630,22,0,NA,"22","80",1452070078123,1452071801083,21630,103377600000,"NO"
"368",21630,22,100100,"Furniture and Decor","22","80",1452070078123,1452071801083,21630,103377600000,"NO"
"369",21630,22,100000,"Home and Living","22","80",1452070078123,1452071801083,21630,103377600000,"NO"
"370",21630,22,0,NA,"22","80",1452070078123,1452071801083,21630,103377600000,"NO"
"371",21630,22,100100,"Furniture and Decor","22","80",1452070078123,1452071801083,21630,103377600000,"NO"
"372",21630,22,100000,"Home and Living","22","80",1452070078123,1452071801083,21630,103377600000,"NO"
"373",21630,22,0,NA,"22","80",1452070078123,1452071801083,21630,103377600000,"NO"
"374",21630,22,100100,"Furniture and Decor","22","80",1452070078123,1452071801083,21630,103377600000,"NO"
"375",21630,22,100000,"Home and Living","22","80",1452070078123,1452071801083,21630,103377600000,"NO"
"376",21630,22,0,NA,"22","80",1452070078123,1452071801083,21630,103377600000,"NO"
"377",21630,22,100100,"Furniture and Decor","22","80",1452070078123,1452071801083,21630,103377600000,"NO"
"378",21630,22,100000,"Home and Living","22","80",1452070078123,1452071801083,21630,103377600000,"NO"
"379",21630,22,0,NA,"22","80",1452070078123,1452071801083,21630,103377600000,"NO"
"380",21630,22,100100,"Furniture and Decor","22","80",1452070078123,1452071801083,21630,103377600000,"NO"
"381",21630,22,100000,"Home and Living","22","80",1452070078123,1452071801083,21630,103377600000,"NO"
"382",21630,22,0,NA,"22","80",1452070078123,1452071801083,21630,103377600000,"NO"
"383",21630,22,100100,"Furniture and Decor","22","80",1452070078123,1452071801083,21630,103377600000,"NO"
"384",21630,22,100000,"Home and Living","22","80",1452070078123,1452071801083,21630,103377600000,"NO"
"385",21630,22,0,NA,"22","80",1452070078123,1452071801083,21630,103377600000,"NO"
"386",21630,22,100100,"Furniture and Decor","22","80",1452070078123,1452071801083,21630,103377600000,"NO"
"387",21630,22,100000,"Home and Living","22","80",1452070078123,1452071801083,21630,103377600000,"NO"
"388",21630,22,0,NA,"22","80",1452070078123,1452071801083,21630,103377600000,"NO"
"389",21630,22,100100,"Furniture and Decor","22","80",1452070078123,1452071801083,21630,103377600000,"NO"
"390",21630,22,100000,"Home and Living","22","80",1452070078123,1452071801083,21630,103377600000,"NO"
"391",21630,22,0,NA,"22","80",1452070078123,1452071801083,21630,103377600000,"NO"
"392",21630,22,100100,"Furniture and Decor","22","80",1452070078123,1452071801083,21630,103377600000,"NO"
"393",21630,22,100000,"Home and Living","22","80",1452070078123,1452071801083,21630,103377600000,"NO"
"394",21630,22,0,NA,"22","80",1452070078123,1452071801083,21630,103377600000,"NO"
"395",21630,22,100100,"Furniture and Decor","22","80",1452070078123,1452071801083,21630,103377600000,"NO"
"396",21630,22,100000,"Home and Living","22","80",1452070078123,1452071801083,21630,103377600000,"NO"
"397",21630,22,0,NA,"22","80",1452070078123,1452071801083,21630,103377600000,"NO"
"398",21630,22,100100,"Furniture and Decor","22","80",1452070078123,1452071801083,21630,103377600000,"NO"
"399",21630,22,100000,"Home and Living","22","80",1452070078123,1452071801083,21630,103377600000,"NO"
"400",21630,22,0,NA,"22","80",1452070078123,1452071801083,21630,103377600000,"NO"
"401",21630,22,100100,"Furniture and Decor","22","80",1452070078123,1452071801083,21630,103377600000,"NO"
"402",21630,22,100000,"Home and Living","22","80",1452070078123,1452071801083,21630,103377600000,"NO"
"403",21630,22,0,NA,"22","80",1452070078123,1452071801083,21630,103377600000,"NO"
"404",21630,22,100100,"Furniture and Decor","22","80",1452070078123,1452071801083,21630,103377600000,"NO"
"405",21630,22,100000,"Home and Living","22","80",1452070078123,1452071801083,21630,103377600000,"NO"
"406",21630,22,0,NA,"22","80",1452070078123,1452071801083,21630,103377600000,"NO"
"407",21630,22,100100,"Furniture and Decor","22","80",1452070078123,1452071801083,21630,103377600000,"NO"
"408",21630,22,100000,"Home and Living","22","80",1452070078123,1452071801083,21630,103377600000,"NO"
"409",21630,22,0,NA,"22","80",1452070078123,1452071801083,21630,103377600000,"NO"
"410",21630,22,100100,"Furniture and Decor","22","80",1452070078123,1452071801083,21630,103377600000,"NO"
"411",21630,22,100000,"Home and Living","22","80",1452070078123,1452071801083,21630,103377600000,"NO"
"412",21630,22,0,NA,"22","80",1452070078123,1452071801083,21630,103377600000,"NO"
"413",21630,22,100100,"Furniture and Decor","22","80",1452070078123,1452071801083,21630,103377600000,"NO"
"414",21630,22,100000,"Home and Living","22","80",1452070078123,1452071801083,21630,103377600000,"NO"
"415",21630,22,0,NA,"22","80",1452070078123,1452071801083,21630,103377600000,"NO"
"416",21630,22,100100,"Furniture and Decor","22","80",1452070078123,1452071801083,21630,103377600000,"NO"
"417",21630,22,100000,"Home and Living","22","80",1452070078123,1452071801083,21630,103377600000,"NO"
"418",21630,22,0,NA,"22","80",1452070078123,1452071801083,21630,103377600000,"NO"
"419",21630,22,100100,"Furniture and Decor","22","80",1452070078123,1452071801083,21630,103377600000,"NO"
"420",21630,22,100000,"Home and Living","22","80",1452070078123,1452071801083,21630,103377600000,"NO"
"421",21630,22,0,NA,"22","80",1452070078123,1452071801083,21630,103377600000,"NO"
"422",21630,22,100100,"Furniture and Decor","22","80",1452070078123,1452071801083,21630,103377600000,"NO"
"423",21630,22,100000,"Home and Living","22","80",1452070078123,1452071801083,21630,103377600000,"NO"
"424",21630,22,0,NA,"22","80",1452070078123,1452071801083,21630,103377600000,"NO"
"425",21630,22,100100,"Furniture and Decor","22","80",1452070078123,1452071801083,21630,103377600000,"NO"
"426",21630,22,100000,"Home and Living","22","80",1452070078123,1452071801083,21630,103377600000,"NO"
"427",21630,22,0,NA,"22","80",1452070078123,1452071801083,21630,103377600000,"NO"
"428",21630,22,100100,"Furniture and Decor","22","80",1452070078123,1452071801083,21630,103377600000,"NO"
"429",21630,22,100000,"Home and Living","22","80",1452070078123,1452071801083,21630,103377600000,"NO"
"430",21630,22,0,NA,"22","80",1452070078123,1452071801083,21630,103377600000,"NO"
"431",21630,22,100100,"Furniture and Decor","22","80",1452070078123,1452071801083,21630,103377600000,"NO"
"432",21630,22,100000,"Home and Living","22","80",1452070078123,1452071801083,21630,103377600000,"NO"
"433",21630,22,0,NA,"22","80",1452070078123,1452071801083,21630,103377600000,"NO"
"434",21630,22,100100,"Furniture and Decor","22","80",1452070078123,1452071801083,21630,103377600000,"NO"
"435",21630,22,100000,"Home and Living","22","80",1452070078123,1452071801083,21630,103377600000,"NO"
"436",21630,22,0,NA,"22","80",1452070078123,1452071801083,21630,103377600000,"NO"
"437",21630,22,100100,"Furniture and Decor","22","80",1452070078123,1452071801083,21630,103377600000,"NO"
"438",21630,22,100000,"Home and Living","22","80",1452070078123,1452071801083,21630,103377600000,"NO"
"439",21630,22,0,NA,"22","80",1452070078123,1452071801083,21630,103377600000,"NO"
"440",21630,22,100100,"Furniture and Decor","22","80",1452070078123,1452071801083,21630,103377600000,"NO"
"441",21630,22,100000,"Home and Living","22","80",1452070078123,1452071801083,21630,103377600000,"NO"
"442",21630,22,0,NA,"22","80",1452070078123,1452071801083,21630,103377600000,"NO"
"443",21630,22,100100,"Furniture and Decor","22","80",1452070078123,1452071801083,21630,103377600000,"NO"
"444",21630,22,100000,"Home and Living","22","80",1452070078123,1452071801083,21630,103377600000,"NO"
"445",21630,22,0,NA,"22","80",1452070078123,1452071801083,21630,103377600000,"NO"
"446",21630,22,100100,"Furniture and Decor","22","80",1452070078123,1452071801083,21630,103377600000,"NO"
"447",21630,22,100000,"Home and Living","22","80",1452070078123,1452071801083,21630,103377600000,"NO"
"448",21630,22,0,NA,"22","80",1452070078123,1452071801083,21630,103377600000,"NO"
"449",21630,22,100100,"Furniture and Decor","22","80",1452070078123,1452071801083,21630,103377600000,"NO"
"450",21630,22,100000,"Home and Living","22","80",1452070078123,1452071801083,21630,103377600000,"NO"
"451",21630,22,0,NA,"22","80",1452070078123,1452071801083,21630,103377600000,"NO"
"452",21630,22,100100,"Furniture and Decor","22","80",1452070078123,1452071801083,21630,103377600000,"NO"
"453",21630,22,100000,"Home and Living","22","80",1452070078123,1452071801083,21630,103377600000,"NO"
"454",21630,22,0,NA,"22","80",1452070078123,1452071801083,21630,103377600000,"NO"
"455",21630,22,100100,"Furniture and Decor","22","80",1452070078123,1452071801083,21630,103377600000,"NO"
"456",21630,22,100000,"Home and Living","22","80",1452070078123,1452071801083,21630,103377600000,"NO"
"457",21630,22,0,NA,"22","80",1452070078123,1452071801083,21630,103377600000,"NO"
"458",21630,22,100100,"Furniture and Decor","22","80",1452070078123,1452071801083,21630,103377600000,"NO"
"459",21630,22,100000,"Home and Living","22","80",1452070078123,1452071801083,21630,103377600000,"NO"
"460",21630,22,0,NA,"22","80",1452070078123,1452071801083,21630,103377600000,"NO"
"461",21630,22,100100,"Furniture and Decor","22","80",1452070078123,1452071801083,21630,103377600000,"NO"
"462",21630,22,100000,"Home and Living","22","80",1452070078123,1452071801083,21630,103377600000,"NO"
"463",21630,22,0,NA,"22","80",1452070078123,1452071801083,21630,103377600000,"NO"
"464",21630,22,100100,"Furniture and Decor","22","80",1452070078123,1452071801083,21630,103377600000,"NO"
"465",21630,22,100000,"Home and Living","22","80",1452070078123,1452071801083,21630,103377600000,"NO"
"466",21630,22,0,NA,"22","80",1452070078123,1452071801083,21630,103377600000,"NO"
"467",21630,22,100100,"Furniture and Decor","22","80",1452070078123,1452071801083,21630,103377600000,"NO"
"468",21630,22,100000,"Home and Living","22","80",1452070078123,1452071801083,21630,103377600000,"NO"
"469",21630,22,0,NA,"22","80",1452070078123,1452071801083,21630,103377600000,"NO"
"470",21630,22,100100,"Furniture and Decor","22","80",1452070078123,1452071801083,21630,103377600000,"NO"
"471",21630,22,100000,"Home and Living","22","80",1452070078123,1452071801083,21630,103377600000,"NO"
"472",21630,22,0,NA,"22","80",1452070078123,1452071801083,21630,103377600000,"NO"
"473",21630,22,100100,"Furniture and Decor","22","80",1452070078123,1452071801083,21630,103377600000,"NO"
"474",21630,22,100000,"Home and Living","22","80",1452070078123,1452071801083,21630,103377600000,"NO"
"475",21630,22,0,NA,"22","80",1452070078123,1452071801083,21630,103377600000,"NO"
"476",21630,22,100100,"Furniture and Decor","22","80",1452070078123,1452071801083,21630,103377600000,"NO"
"477",21630,22,100000,"Home and Living","22","80",1452070078123,1452071801083,21630,103377600000,"NO"
"478",21630,22,0,NA,"22","80",1452070078123,1452071801083,21630,103377600000,"NO"
